# https://github.com/mikedh/trimesh
v -0.01000745 -0.03850752 0.05932486
v 0.00502078 0.04218880 0.05745837
v -0.00870070 0.03893760 0.06132885
v 0.00870070 -0.03893760 0.06132885
v -0.00502078 -0.04218880 0.05745837
v 0.03262645 -0.01266944 0.00000000
v 0.01000745 0.03850752 0.05932486
v 0.00505853 -0.04241407 0.05549677
v -0.00194560 0.03015426 -0.00273978
v -0.01171988 0.10061570 0.12852866
v -0.00767997 -0.04077566 0.05953248
v 0.02307548 -0.02697726 0.00050000
v 0.01387557 -0.03221246 0.09372379
v 0.00330368 0.03534594 0.00050000
v 0.00751488 0.03418371 0.00000000
v 0.03736865 -0.00313597 0.02995000
v -0.01944413 0.00738051 0.05867445
v -0.03320200 -0.01739261 0.02995000
v -0.00927355 -0.04030461 0.05688427
v 0.00475455 0.06850051 0.06418799
v -0.03294253 -0.01785853 0.03054759
v 0.01322578 -0.09322237 0.13267261
v 0.00685354 0.03981827 0.06197564
v -0.00760167 -0.04002813 0.06107076
v 0.00463341 -0.02083836 0.08736487
v -0.00900333 -0.03640316 0.00310000
v 0.00473369 0.04231172 0.05681715
v -0.00990422 0.03781892 0.06051796
v 0.00771758 -0.04145404 0.05709416
v -0.01938476 0.08193029 0.13384451
v -0.03502450 0.01331461 0.02995000
v 0.00566765 0.04233477 0.05450973
v 0.01379787 0.06010885 0.05276483
v -0.02808895 -0.02484474 0.00310000
v 0.01175732 -0.05360634 0.06394268
v 0.00466526 0.01915910 0.08835997
v 0.00858773 -0.03900154 0.06137522
v 0.01319969 -0.06317818 0.04901835
v -0.00960501 -0.03365626 0.00000000
v 0.01011935 -0.03757050 0.06033791
v 0.01235290 -0.05916410 0.04741902
v -0.00724111 0.07395590 0.14140181
v -0.00724111 0.07395590 0.13404457
v -0.00578456 -0.04005114 0.06214368
v 0.01224749 0.05962758 0.07269798
v -0.00432412 0.05831942 0.06824379
v -0.00492565 0.04209415 0.05793310
v 0.00728051 0.10110471 0.12997886
v 0.01235174 -0.06062073 0.04669923
v 0.01707327 0.02921223 0.09021116
v -0.00485878 0.04178695 0.05900354
v -0.00429514 0.00610824 0.05824251
v -0.00466621 0.04243208 0.05448384
v 0.01289803 0.06030857 0.04675320
v 0.01740068 -0.03321847 0.00310000
v -0.00614391 -0.04219639 0.05630814
v -0.01944443 0.00700169 0.06325100
v -0.00449048 0.03723017 0.00310000
v -0.00466707 0.04134666 0.06012618
v -0.03334451 0.01063690 0.00000000
v 0.00726814 0.04181770 0.05627009
v -0.00630790 0.02221834 0.08599427
v -0.03549999 0.00002827 0.00050000
v 0.00723399 -0.04186869 0.05542112
v 0.00429395 -0.00760821 0.04981063
v 0.01001230 0.01544203 0.09000000
v -0.00719502 -0.04154613 0.05798341
v -0.00733458 0.02400779 0.08344402
v -0.00811212 -0.03929332 0.06159618
v 0.00847406 0.03021068 0.05117467
v 0.00881288 0.04073484 0.05696072
v 0.00430930 0.05847052 0.06889336
v 0.00775760 0.07233036 0.13772319
v -0.00615479 0.04223244 0.05453163
v 0.01172567 -0.09334516 0.13689830
v -0.00466630 0.04231948 0.05333652
v -0.02542890 0.02469900 0.00050000
v 0.00832004 0.02354956 0.08312117
v -0.00828408 0.02159884 0.08530247
v -0.02127785 0.03087885 0.00310000
v 0.00725702 0.07160846 0.13591895
v 0.00471012 0.01270542 0.04875482
v 0.00474460 0.05601038 0.06810481
v 0.00531188 -0.04143602 0.05982925
v 0.00523101 -0.02082289 0.08734164
v 0.00655942 -0.04176113 0.05804701
v 0.00524617 0.05797647 0.06667226
v -0.00870078 0.04038927 0.05851936
v -0.03137364 -0.02054129 0.02995000
v 0.00667775 -0.04208881 0.05542694
v -0.00470425 -0.00532977 0.05111862
v 0.01235270 -0.05940720 0.04724323
v -0.03695268 0.00621584 0.03054759
v -0.01297958 -0.09992944 0.13239612
v 0.00525309 0.06666256 0.04916449
v 0.00674319 -0.07134191 0.13772319
v 0.00674319 -0.07134191 0.17572319
v 0.01165870 0.03300113 0.00000000
v -0.01944297 0.00883729 0.05684184
v -0.00583502 0.04098321 0.06060604
v -0.01955702 -0.00880623 0.05684184
v -0.01175791 0.05285905 0.06185418
v -0.03734056 0.00313361 0.03054759
v 0.00722318 -0.09647087 0.13605470
v 0.00722318 -0.09647087 0.12636071
v 0.00475057 0.06350097 0.04545587
v -0.03174638 -0.01577455 0.00050000
v 0.03696253 0.00615698 0.03054759
v 0.01956748 0.02193426 0.06305664
v 0.00869793 -0.02328046 0.08291647
v 0.00429196 -0.01010414 0.04901073
v 0.00474911 0.06167059 0.04531846
v -0.01125557 0.05579539 0.06510913
v 0.03640317 -0.00900333 0.00310000
v -0.00674005 0.07528979 0.13208503
v -0.01379750 -0.05964781 0.05155564
v -0.01494882 0.06427924 0.21196310
v -0.01494882 0.06427924 0.14196310
v -0.00874779 0.04074772 0.05696789
v 0.00470378 0.00473876 0.05747324
v -0.01174442 -0.05577708 0.06510913
v 0.00468147 -0.04063980 0.06144377
v -0.00522979 0.02234901 0.08614077
v 0.01484356 0.03219221 0.00050000
v 0.02899131 0.02048789 0.00050000
v 0.03473128 -0.00432875 0.00000000
v 0.01930953 -0.02919147 0.00000000
v 0.01289729 0.05938709 0.04724323
v 0.00463474 -0.01916651 0.08835997
v -0.00775940 -0.07459562 0.13353736
v -0.00775940 -0.07459562 0.14190901
v -0.03135006 -0.02052586 0.03054759
v -0.00425677 0.05429526 0.06805261
v -0.03633813 0.00926231 0.02995000
v -0.02528694 0.02765335 0.03054759
v 0.03639420 0.00606231 0.03265370
v 0.00619012 -0.04214505 0.05363596
v -0.02483149 0.02807319 0.02995000
v 0.00777617 0.09564439 0.12622478
v 0.00679441 -0.02416872 0.08356089
v -0.01175609 0.05515288 0.05965080
v 0.01938695 -0.07918312 0.14343649
v 0.01955535 0.00670488 0.06092505
v -0.01955556 -0.00697064 0.06325100
v 0.00722576 -0.09323496 0.12662884
v 0.00466659 0.02083096 0.08736487
v 0.03723017 0.00449048 0.00310000
v -0.00523233 0.01915417 0.08833487
v -0.02950537 0.02309913 0.03054759
v 0.01225080 0.06378777 0.04553178
v -0.03226232 -0.01481191 0.00050000
v -0.01227797 -0.09790695 0.13657638
v -0.00783206 -0.02377959 0.08328750
v 0.01175761 -0.05324519 0.06078260
v -0.01322598 0.09296665 0.13018572
v -0.03613466 -0.00914918 0.03162559
v 0.00670832 0.04203546 0.05629198
v -0.00508698 -0.04236006 0.05626198
v 0.02625385 0.02389530 0.00050000
v 0.00674132 -0.07368934 0.13296307
v -0.00622272 -0.04222182 0.05451547
v 0.00562686 0.04235290 0.05541199
v 0.00986301 0.02229787 0.08221553
v 0.01175104 -0.06147813 0.07697385
v 0.00864936 -0.03980773 0.05999716
v -0.00470396 0.04080923 0.06116462
v -0.01361299 -0.07908325 0.13950076
v -0.00546804 0.04219163 0.05722619
v 0.01322614 -0.09276133 0.13146342
v 0.03311296 0.01279771 0.00050000
v 0.01224574 0.05743899 0.04756645
v 0.00634328 0.02220827 0.08599427
v 0.03431032 -0.01513445 0.02995000
v -0.02469245 0.02550555 0.00050000
v 0.00199418 0.03084572 -0.00273978
v -0.01322533 0.09378332 0.12918186
v 0.01175419 -0.05752804 0.06365543
v 0.00466620 -0.04244708 0.05506549
v -0.00499718 0.04232220 0.05667983
v -0.00424486 0.06924572 0.06055397
v -0.00696921 0.06539548 0.13290239
v 0.01211304 0.07915804 0.14343649
v -0.01319889 0.06418204 0.04983501
v 0.01235197 -0.06032868 0.04675320
v 0.03698046 -0.00622051 0.02995000
v 0.02952757 -0.02311651 0.02995000
v 0.03499999 -0.00002787 0.00000000
v -0.00775844 -0.07338466 0.13465212
v -0.00775844 -0.07338466 0.14079426
v 0.00519848 0.04009502 0.06217512
v -0.00724192 0.07294494 0.13534346
v -0.00724192 0.07294494 0.14010292
v 0.01289826 0.06060062 0.04669923
v 0.00764154 0.04043038 0.06031617
v 0.03430858 0.01506846 0.03054759
v 0.00715539 0.04131615 0.05881760
v -0.00831847 -0.02158561 0.08530247
v 0.01289710 0.05914399 0.04741902
v -0.01175654 0.05458463 0.06452606
v -0.00784396 -0.04157921 0.05539304
v -0.03699033 -0.00616161 0.02995000
v 0.01745356 0.03319071 0.00310000
v -0.00776594 -0.08280801 0.11974920
v -0.01322498 0.09422623 0.13348927
v -0.01955586 -0.00734945 0.05867445
v 0.01224219 0.05296927 0.06298585
v 0.01037101 -0.03640032 0.08010549
v 0.00429622 -0.00474592 0.05747324
v -0.00775782 -0.07260127 0.13934668
v -0.00775782 -0.07260127 0.13609969
v -0.00782904 0.04147745 0.05372044
v 0.01379766 0.05985313 0.05027794
v 0.00470804 0.01009697 0.04901073
v 0.01320071 -0.06190047 0.04881303
v 0.02292669 -0.02967519 0.02995000
v 0.02755185 0.02543905 0.02995000
v 0.00131108 0.03203105 -0.00273978
v 0.00425089 -0.06167775 0.04531846
v 0.00915789 0.02230562 0.08355933
v -0.01175510 0.05638690 0.04964809
v 0.00822404 0.03018530 0.05092598
v 0.00424943 -0.06350814 0.04545587
v -0.01224717 -0.05922526 0.04605320
v 0.00618489 0.04224291 0.05540930
v 0.03321847 0.01740067 0.00310000
v 0.01379831 0.06066979 0.04927408
v -0.00728005 -0.10052061 0.12837408
v -0.00066125 0.02862115 -0.00273978
v -0.00674565 -0.04207837 0.05540527
v -0.00681180 -0.04196573 0.05364873
v -0.01297909 -0.09931996 0.13390224
v 0.03084492 -0.02132700 0.00310000
v 0.00651498 -0.04152028 0.05890426
v -0.00720095 0.04182820 0.05628487
v -0.00495286 -0.04191451 0.05857679
v 0.00175714 0.03149861 -0.00273978
v 0.00473353 0.04210981 0.05788852
v 0.01171939 -0.10123227 0.13078710
v -0.00662646 -0.04175322 0.05803640
v -0.00771652 -0.04105946 0.05873102
v 0.00425540 -0.05601754 0.06810481
v 0.00428988 -0.01271258 0.04875482
v -0.01361017 -0.07554778 0.13948012
v 0.00500278 0.05822758 0.06787614
v 0.01361106 0.07666470 0.14013370
v -0.00424615 0.06762535 0.04884833
v 0.01379867 0.06111271 0.05358149
v 0.00695981 -0.04026329 0.06121088
v 0.01361351 0.07974439 0.13708976
v -0.01211583 -0.08266201 0.14046825
v -0.00831359 -0.04111576 0.05702841
v -0.00475093 -0.06395864 0.06719645
v 0.00470606 0.00760104 0.04981063
v 0.03523439 0.00433448 0.00050000
v 0.01172729 -0.09131224 0.13573732
v -0.00473379 -0.04243927 0.05499404
v -0.00802835 0.02718505 0.05337203
v 0.00611663 -0.04225239 0.05543127
v 0.00646874 -0.04121814 0.05973608
v 0.00672184 -0.09816022 0.12596461
v 0.01242040 -0.09994966 0.13239612
v 0.01377701 0.09669162 0.13323354
v -0.00472474 -0.03107030 0.04741993
v 0.00102291 0.02876714 -0.00273978
v 0.00919405 0.03940651 0.05978844
v -0.03734551 -0.00307413 0.03054759
v 0.03541940 -0.01223125 0.03054759
v -0.00475382 0.05798443 0.06667226
v 0.01224520 0.05675819 0.06419071
v -0.00526283 -0.01914581 0.08833487
v -0.01172382 0.09566763 0.13719294
v -0.01377604 -0.09548244 0.13369459
v -0.02111445 -0.02791380 0.00000000
v -0.00424807 0.06521132 0.04614021
v 0.00603277 -0.04209108 0.05720815
v 0.01377766 0.09750828 0.13222968
v 0.00664071 -0.04204500 0.05630703
v 0.00474729 -0.06620116 0.04837011
v 0.01175355 -0.05832403 0.06823840
v -0.00671250 0.04206637 0.05453989
v -0.01211613 -0.08304083 0.13589170
v 0.00525100 0.06404397 0.04667600
v -0.00726477 -0.08133075 0.17572319
v -0.00802861 0.02685741 0.05489656
v -0.00673523 0.08134190 0.17572319
v -0.03115279 0.02046766 0.03162559
v -0.00722449 0.09483054 0.12622478
v -0.01242076 0.09949742 0.13364675
v -0.00660132 0.04193582 0.05718035
v 0.00464465 -0.05814993 0.06748700
v 0.00885489 0.04085807 0.05537536
v 0.01958538 -0.02960849 0.00050000
v -0.00526538 -0.02234065 0.08614077
v 0.00912236 -0.02232017 0.08355933
v -0.01777448 -0.03072976 0.00050000
v 0.01174633 -0.06740176 0.04838925
v 0.00130864 0.02896688 -0.00273978
v 0.00424545 -0.06850768 0.06418799
v 0.03412833 0.01498928 0.03162559
v 0.01956050 0.01317937 0.05544045
v -0.01289638 -0.05824719 0.04840102
v -0.03178462 0.01465393 0.00000000
v -0.00424763 0.06577457 0.06669416
v -0.00702405 -0.04025295 0.06120880
v -0.01175105 0.06147377 0.04533872
v -0.00643547 -0.04042446 0.06131403
v -0.01380146 -0.06462158 0.05104420
v -0.00737118 -0.02195406 0.08571203
v -0.00737222 -0.02325966 0.08437716
v -0.01939060 0.07460658 0.14305768
v -0.02803058 0.02487346 0.02995000
v 0.01956376 0.01726259 0.05754180
v 0.00658215 0.04151603 0.05888498
v 0.00559950 -0.04234445 0.05452605
v -0.00634208 -0.02070221 0.08717935
v -0.01943252 0.02196531 0.06305664
v -0.03525264 -0.01211085 0.03162559
v -0.00429703 0.00373043 0.05331791
v 0.03394967 0.00850995 0.00000000
v 0.00548614 0.04199988 0.05809941
v -0.01211467 -0.08120524 0.14230087
v 0.01361351 0.07973684 0.13838384
v -0.02132700 -0.03084492 0.00310000
v -0.00708865 0.04132149 0.05883656
v 0.03319072 -0.01745355 0.00310000
v 0.00674233 -0.07242699 0.13428173
v 0.00913107 -0.03941835 0.05979565
v 0.01175422 -0.05749962 0.06340682
v -0.00473370 -0.04232394 0.05675234
v -0.03543883 -0.01217482 0.03054759
v 0.00466750 -0.04081354 0.06115812
v -0.00974222 -0.03413706 0.00050000
v -0.00828252 0.02356278 0.08312117
v -0.02530596 0.02767415 0.02995000
v -0.00789532 -0.04146377 0.05371238
v -0.03493532 -0.00212681 0.00000000
v -0.03118535 -0.02041801 0.03162559
v 0.03575251 -0.00911304 0.03265370
v -0.00671995 0.10053176 0.12837408
v 0.01175695 -0.05406664 0.05999354
v -0.01227944 -0.09975752 0.13514249
v -0.00634495 -0.02430408 0.08366650
v 0.01125665 -0.05443272 0.06500255
v 0.01211522 0.08190520 0.13384451
v -0.00170697 0.03150137 -0.00273978
v 0.01182526 0.03347257 0.00050000
v 0.02749064 -0.02546375 0.03054759
v -0.01944464 0.00673593 0.06092505
v -0.00470347 -0.00435399 0.05209224
v 0.00553567 0.04218425 0.05721805
v 0.00454977 0.03722297 0.00310000
v -0.03632552 -0.00919751 0.03054759
v -0.00475423 -0.06810310 0.05061865
v 0.00526646 0.02369850 0.08475247
v -0.02488945 -0.02804934 0.00310000
v -0.01322396 0.09550394 0.13369459
v 0.01322218 -0.09773510 0.13095197
v -0.00982748 0.02231355 0.08221553
v 0.00722039 -0.09997253 0.13283120
v 0.00722039 -0.09997253 0.12958420
v -0.00994599 0.03852091 0.05933135
v 0.01868710 0.03012411 0.00050000
v 0.03296730 0.01787196 0.02995000
v 0.00470486 0.00610108 0.05824251
v 0.01494285 -0.07177924 0.21196310
v 0.01494285 -0.07177924 0.14196310
v 0.01225246 0.06586940 0.04660298
v 0.00779418 -0.02379204 0.08328750
v -0.00466889 -0.02372036 0.08477083
v 0.01175519 -0.05627843 0.05982552
v -0.00761423 0.04078141 0.05954973
v 0.01242089 -0.09934019 0.13390224
v -0.00473195 -0.04012995 0.06220015
v 0.01224436 0.05570109 0.06461488
v 0.00722102 -0.09918914 0.12813664
v 0.00722102 -0.09918914 0.13427877
v 0.01171962 -0.10093762 0.13310957
v -0.00519825 -0.04234945 0.05395001
v -0.03676642 0.00308543 0.03265370
v -0.02484474 0.02808895 0.00310000
v -0.00463219 0.02236736 0.08616174
v -0.01172054 0.09977664 0.13514249
v 0.01944134 -0.01088448 0.05570621
v -0.02827138 0.02138688 0.00050000
v 0.01281527 0.08197185 0.13632897
v -0.00466637 0.04222785 0.05737579
v 0.01224474 0.05617473 0.05198120
v -0.00679011 0.03982913 0.06197564
v -0.03722297 0.00454977 0.00310000
v -0.01505117 -0.06425535 0.21196310
v -0.01505117 -0.06425535 0.14196310
v -0.02807016 -0.02482878 0.02995000
v 0.01379968 0.06239042 0.05378681
v -0.03019758 -0.01866430 0.00050000
v 0.00474970 -0.06316990 0.04640516
v 0.00959643 -0.03951806 0.05822309
v -0.01752413 -0.03029694 0.00000000
v 0.00429575 -0.00533694 0.05111862
v -0.02751130 0.02548290 0.02995000
v -0.00847195 -0.02756542 0.05269398
v -0.03263405 0.01384515 0.00050000
v 0.01224551 0.05713987 0.06042622
v -0.03737359 -0.00307645 0.02995000
v 0.00630910 -0.02071229 0.08717935
v -0.02728529 -0.02192061 0.00000000
v -0.00847144 -0.02692797 0.05411707
v 0.00700440 -0.04067517 0.06044630
v 0.01227156 0.08985924 0.13388674
v -0.00475305 -0.06662076 0.04730745
v -0.00998769 0.01545796 0.09000000
v 0.03293880 -0.01792444 0.02995000
v -0.02473304 -0.02546619 0.00050000
v -0.00475362 -0.06733243 0.06565752
v -0.00473273 -0.04110779 0.06060399
v -0.00590082 -0.04097723 0.06059765
v 0.00190313 0.02981445 -0.00273978
v 0.01175449 -0.05715899 0.06042622
v -0.02954213 -0.02305211 0.03054759
v 0.01172843 -0.08987835 0.13388674
v -0.00595449 -0.04135099 0.05977578
v -0.00776318 -0.07933883 0.14230206
v -0.02763963 0.02227781 0.00050000
v -0.01224894 -0.06145466 0.04533872
v 0.00690921 -0.03978426 0.06194307
v -0.00876567 -0.04038074 0.05850198
v 0.03523330 -0.01216698 0.03162559
v 0.00722198 -0.09797818 0.13539354
v 0.00722198 -0.09797818 0.12702187
v 0.03641746 0.00894534 0.00310000
v 0.03638450 -0.00612026 0.03265370
v 0.02584652 -0.02359994 0.00000000
v 0.00671970 -0.10084793 0.13334903
v -0.01377503 -0.09420473 0.13348927
v 0.01175525 -0.05619385 0.05198120
v 0.00466631 -0.04230841 0.05681581
v -0.00511440 0.04238919 0.05431739
v 0.01297922 0.09947719 0.13364675
v -0.00724001 0.07533383 0.13314431
v -0.00724001 0.07533383 0.14230206
v -0.00725995 -0.07527864 0.13208503
v 0.01377745 0.09725256 0.12974279
v 0.00630624 -0.02431416 0.08366650
v -0.01242162 0.09842761 0.13486959
v -0.00429721 0.00350537 0.05467786
v 0.03274112 -0.01781687 0.03162559
v 0.00474323 0.05428809 0.06805261
v -0.01380109 -0.06416054 0.04983501
v -0.00717335 -0.06538422 0.13290239
v -0.00954488 -0.03828918 0.06086975
v -0.00825632 -0.04074678 0.05862552
v 0.00777976 0.10016330 0.13203068
v 0.00777976 0.10016330 0.13038472
v 0.00986251 0.02166859 0.08301292
v -0.00913149 -0.03862453 0.06111239
v -0.00785641 -0.03943861 0.06170125
v -0.00776060 -0.07610293 0.14257019
v -0.00776060 -0.07610293 0.13287618
v -0.00915843 -0.02297781 0.08270758
v 0.01228037 0.10091851 0.13310957
v 0.03309254 -0.01285044 0.00050000
v -0.01242043 0.09991756 0.13269138
v 0.00672579 -0.09319092 0.12556955
v 0.01224481 0.05625932 0.05982552
v -0.00802762 0.02810444 0.05211256
v 0.01175563 -0.05572020 0.06461488
v -0.01227617 -0.09564851 0.13719294
v 0.01174753 -0.06588851 0.04660298
v -0.00466673 0.04177997 0.05904537
v -0.00723744 0.07856973 0.14257019
v -0.00466710 0.04131406 0.06018928
v -0.03675853 0.00618318 0.03162559
v 0.01077500 0.03377230 0.00050000
v 0.03719123 -0.00454577 0.02995000
v 0.00672075 -0.09951921 0.12699885
v -0.00481434 -0.04111793 0.06058031
v 0.03473813 0.00427343 0.00000000
v 0.00671940 -0.10122417 0.13168321
v 0.00002588 0.03249999 -0.00273978
v 0.00475514 0.06923855 0.06055397
v 0.00727553 0.09485135 0.12521979
v 0.02935036 -0.02297777 0.03162559
v 0.01402685 0.03219024 0.09372379
v 0.01281487 0.08146512 0.13509941
v 0.00727689 0.09655376 0.12535512
v -0.03505251 0.01332560 0.00310000
v -0.00607599 0.04220496 0.05632340
v -0.01297856 -0.09865648 0.13470786
v 0.00777704 -0.04159152 0.05541379
v -0.00648631 -0.04084912 0.06053178
v 0.00588751 -0.04135344 0.05979389
v -0.00470304 -0.00381615 0.05620972
v -0.00514741 -0.04240815 0.05505681
v 0.01224304 0.05404753 0.05999354
v -0.03085747 -0.02126255 0.02995000
v 0.00466804 -0.04013743 0.06220015
v -0.00917187 0.03997521 0.05837854
v -0.00956543 0.03898706 0.05957250
v 0.01322255 -0.09727406 0.12974279
v -0.00716578 0.04172370 0.05714239
v 0.00847288 0.02872658 0.05165319
v -0.01320249 0.05966931 0.05155564
v -0.01943949 0.01321043 0.05544045
v -0.00526416 -0.02081453 0.08734164
v 0.01224578 0.05748051 0.06340682
v -0.00965971 -0.03950765 0.05820722
v -0.01939206 0.07277396 0.14160090
v 0.00102567 0.03223124 -0.00273978
v -0.00920919 0.04031828 0.05689114
v 0.00723256 0.04171348 0.05713456
v 0.00746043 -0.03419564 0.00000000
v 0.00578056 -0.04055211 0.06138923
v -0.00683289 -0.02415787 0.08356089
v -0.00513462 0.04010325 0.06217512
v -0.01938880 0.07685717 0.14370225
v -0.00532150 -0.04105387 0.06063696
v -0.01943624 0.01729365 0.05754180
v 0.01956230 0.01542997 0.05608502
v 0.00037315 0.03246933 -0.00273978
v 0.00672311 -0.09656491 0.12535512
v 0.00522810 -0.02447275 0.08378199
v -0.00678010 -0.04205483 0.05452396
v -0.01224489 -0.05636779 0.04964809
v -0.00194505 0.03084886 -0.00273978
v 0.01235361 -0.05826730 0.04840102
v 0.03276945 0.01776470 0.03162559
v 0.00672446 -0.09486250 0.12521979
v -0.01175282 0.05924438 0.04605320
v 0.00728060 0.10121302 0.13168321
v 0.00315333 -0.05860522 0.06939049
v -0.01017917 -0.03755434 0.06033791
v 0.03082223 -0.01658282 0.00000000
v -0.03489393 -0.01198762 0.03265370
v 0.00727924 0.09950806 0.12699885
v 0.03749999 -0.00002986 0.02995000
v 0.03749999 -0.00002986 0.00310000
v -0.02753115 -0.02541993 0.03054759
v 0.00777486 0.09400407 0.12636071
v 0.01326976 -0.03507369 0.00310000
v -0.03087885 -0.02127785 0.00310000
v 0.00473327 0.04178519 0.05900847
v 0.00463110 -0.02372777 0.08477083
v -0.01281524 -0.08192681 0.13603541
v 0.02533096 0.02761304 0.03054759
v -0.00711357 -0.04102312 0.05963719
v -0.03543440 -0.00215720 0.00050000
v -0.01224346 -0.05456552 0.06452606
v 0.03747181 -0.00002984 0.03054759
v 0.00727420 0.09317977 0.12556955
v 0.01225366 0.06738265 0.04838925
v -0.00598683 0.04191065 0.05808561
v -0.01361209 -0.07795878 0.14014126
v -0.00605416 -0.04190374 0.05807487
v 0.00475385 0.06761818 0.04884833
v -0.00736042 -0.04174246 0.05367703
v -0.00724234 0.07241050 0.13854616
v -0.00724234 0.07241050 0.13690021
v 0.03410441 0.00967258 0.00050000
v 0.00466780 0.02235995 0.08616174
v 0.00757676 -0.04043941 0.06032417
v 0.01938416 -0.08268709 0.14046825
v 0.00477962 -0.04132773 0.06016077
v 0.00424907 -0.06396580 0.06719645
v 0.00593815 -0.04166308 0.05895294
v -0.00150883 0.02921564 -0.00273978
v 0.01944353 -0.00813732 0.06529820
v 0.00878933 -0.04087204 0.05539477
v -0.00765031 0.04106588 0.05874955
v 0.01224643 0.05830492 0.06823840
v -0.00473379 -0.04242851 0.05560276
v 0.01175479 -0.05677731 0.06419071
v 0.00777744 0.09723997 0.12662884
v 0.00777744 0.09723997 0.13578657
v 0.03317426 -0.01744547 0.02995000
v -0.00473311 -0.04158627 0.05954708
v 0.00819073 -0.04075427 0.05864352
v 0.02858298 0.02019933 0.00000000
v -0.01211634 -0.08330659 0.13821765
v 0.00847144 0.02692446 0.05567641
v 0.03714437 -0.00311714 0.03162559
v -0.00543399 -0.04175010 0.05896376
v 0.00466624 -0.04239266 0.05623017
v -0.03487479 0.01204318 0.03265370
v -0.01172202 0.09792606 0.13657638
v 0.00427526 -0.03107746 0.04741993
v 0.03546548 0.01218398 0.02995000
v -0.00463295 0.02142046 0.08690684
v 0.00728030 0.10083678 0.13334903
v -0.00906995 0.03863902 0.06111239
v -0.03631082 0.00925535 0.03054759
v -0.02487617 -0.02803361 0.02995000
v 0.00962768 0.03897439 0.05956563
v -0.00238124 0.05868895 0.06970267
v 0.00948389 -0.03830433 0.06086975
v 0.03677128 0.00302687 0.03265370
v -0.00778389 -0.04144289 0.05708651
v -0.01224391 -0.05513377 0.05965080
v -0.03612005 0.00920672 0.03162559
v 0.01377782 0.09771360 0.13095197
v 0.01227270 0.09129312 0.13573732
v 0.00475193 0.06520416 0.04614021
v 0.01052898 0.03638368 0.08010549
v -0.00424493 0.06916448 0.06242943
v 0.00584528 0.04054368 0.06138710
v -0.01174334 -0.05441440 0.06500255
v 0.01938386 -0.08306591 0.13589170
v -0.00812826 0.04014945 0.06017404
v 0.03375738 -0.01489055 0.03265370
v 0.00525553 -0.04105887 0.06064539
v -0.00733517 0.02327137 0.08437716
v -0.02438469 -0.02510751 0.00000000
v 0.00831947 0.02284129 0.08401863
v 0.01297837 0.09840738 0.13486959
v -0.00671948 0.10111586 0.12997886
v -0.01955865 -0.01085342 0.05570621
v 0.01956018 0.01277794 0.07081304
v -0.00327129 -0.05864862 0.06957128
v -0.00864984 -0.03898782 0.06137522
v -0.00733621 0.02196578 0.08571203
v -0.00777853 -0.09861790 0.12752908
v -0.00777853 -0.09861790 0.13488632
v -0.00871302 -0.03979677 0.05998964
v 0.01228060 0.10121315 0.13078710
v 0.01332560 0.03505251 0.00310000
v -0.00462643 0.02960484 0.07674327
v 0.00475237 0.06576740 0.06669416
v -0.03378105 -0.01483676 0.03265370
v -0.00706961 -0.04066716 0.06043812
v -0.00923598 -0.03996571 0.05836188
v -0.00912182 0.02299237 0.08270758
v -0.00514536 -0.04241051 0.05510138
v -0.03382086 0.01078885 0.00050000
v -0.00519713 0.04062053 0.06143164
v -0.00753781 0.04003942 0.06107279
v -0.01224208 -0.05283994 0.06185418
v -0.00463050 0.02449510 0.08379851
v 0.01692673 -0.02923930 0.09021116
v 0.01297955 0.09989734 0.13269138
v -0.00551457 0.04231014 0.05633418
v -0.01380130 -0.06441626 0.05232190
v 0.01210939 0.07458150 0.14305768
v 0.00537907 0.04143463 0.05981104
v 0.00526707 0.02446439 0.08378199
v 0.02279279 0.02656103 0.00000000
v 0.00470297 0.00372327 0.05331791
v -0.02141608 -0.02831257 0.00050000
v 0.00722018 -0.10024344 0.13120770
v 0.01938532 -0.08123032 0.14230087
v -0.00467642 0.02960488 0.07674293
v -0.00674297 0.07161960 0.13591895
v -0.03131733 0.02057576 0.03054759
v -0.00065825 0.03237992 -0.00273978
v 0.00600564 0.04165992 0.05893344
v 0.00155535 0.02921320 -0.00273978
v -0.02297392 -0.02963864 0.02995000
v 0.01125456 -0.05706392 0.06460013
v 0.00836459 0.04124520 0.05538485
v -0.01380065 -0.06359960 0.05332576
v 0.03727492 -0.00002968 0.03162559
v -0.00637665 -0.03992215 0.06205060
v 0.00697256 0.03977321 0.06194307
v -0.01377423 -0.09320087 0.13267261
v 0.01175781 -0.05298838 0.06298585
v -0.00802531 0.03100778 0.05117643
v 0.01242142 -0.09867670 0.13470786
v -0.03410441 0.01504362 0.03162559
v -0.00982798 0.02168427 0.08301292
v -0.00473379 -0.04243861 0.05503136
v -0.00642076 0.04085611 0.06054009
v -0.00625755 -0.04213397 0.05362741
v -0.01320212 0.06013035 0.05276483
v -0.00610021 -0.04208277 0.05720008
v -0.00725680 -0.07133076 0.13772319
v -0.00725680 -0.07133076 0.17572319
v 0.00429653 -0.00436116 0.05209224
v 0.00155324 -0.05871764 0.06980901
v -0.00475507 -0.06915732 0.06242943
v -0.01380029 -0.06315668 0.04901835
v 0.02938692 0.02293100 0.03162559
v -0.01235350 0.05841005 0.04814058
v 0.01322234 -0.09752979 0.13222968
v 0.01175424 -0.05745811 0.04756645
v 0.00558272 0.04230253 0.05631879
v -0.00555835 0.04236141 0.05543416
v -0.03544603 0.01224045 0.02995000
v 0.01224580 0.05750893 0.06365543
v 0.00779359 -0.03945107 0.06170125
v 0.00424577 -0.06811026 0.05061865
v -0.00712836 0.04155502 0.05799384
v 0.02275046 -0.02659730 0.00000000
v 0.01224895 0.06145902 0.07697385
v -0.01289650 -0.05838994 0.04814058
v -0.01938365 0.08333167 0.13821765
v 0.00002986 0.03749999 0.00310000
v 0.03676833 0.00612463 0.03162559
v 0.00894534 -0.03641745 0.00310000
v 0.01505715 0.07175535 0.21196310
v 0.01505715 0.07175535 0.14196310
v -0.00876270 -0.03892369 0.06132885
v 0.01177193 -0.03349137 0.00050000
v 0.01224239 0.05322608 0.06078260
v 0.01322300 -0.09671312 0.13323354
v -0.00951428 -0.02263440 0.08245907
v 0.00202428 0.03049840 -0.00273978
v 0.01174919 -0.06380688 0.04553178
v -0.02804934 0.02488944 0.00310000
v -0.00666847 -0.04192655 0.05717238
v 0.01174543 0.05704561 0.06460013
v -0.00185564 0.02981745 -0.00273978
v 0.00725767 0.07241585 0.13428173
v -0.01322437 0.09499249 0.12872081
v -0.03719843 -0.00448654 0.02995000
v 0.00320164 -0.03485326 0.00000000
v 0.00572077 -0.04006030 0.06214368
v 0.00829831 -0.04125837 0.05540498
v 0.00723874 -0.07692941 0.14270611
v -0.03428454 0.01512308 0.03054759
v 0.01322335 -0.09627020 0.12892613
v 0.00466620 -0.04244620 0.05503139
v 0.00824784 -0.04112780 0.05703583
v -0.03134089 0.02059124 0.02995000
v 0.00723405 -0.08281996 0.11974920
v -0.00536627 0.04175220 0.05898337
v 0.00653541 0.04121460 0.05971817
v 0.00828308 -0.02285451 0.08401863
v 0.02535000 0.02763381 0.02995000
v -0.01228011 -0.10059659 0.12852866
v -0.00725867 -0.07367819 0.13296307
v 0.00204676 0.05871477 0.06980901
v 0.00776191 0.07774325 0.14270611
v -0.00726499 0.04184437 0.05455092
v -0.03433439 -0.01507979 0.02995000
v 0.00631306 -0.03993226 0.06205060
v -0.00634435 -0.02354826 0.08462422
v 0.00674466 -0.04197770 0.05365715
v 0.00424695 -0.06662793 0.04730745
v 0.01320167 -0.06069129 0.04927408
v -0.01943770 0.01546103 0.05608502
v 0.03640755 0.00894327 0.02995000
v -0.01211118 -0.07683209 0.14370225
v -0.03576698 -0.00905608 0.03265370
v -0.00947822 0.02264952 0.08245907
v 0.00737281 0.02399608 0.08344402
v -0.00637095 0.04043384 0.06131615
v -0.00466773 0.04053624 0.06161438
v 0.00474835 -0.06486919 0.04710431
v 0.00819252 0.04013945 0.06016626
v 0.00424638 -0.06733959 0.06565752
v -0.03291404 0.01791097 0.03054759
v 0.01379928 0.06187897 0.04881303
v 0.01584902 0.03176569 0.00050000
v -0.00563759 0.04225913 0.05362149
v -0.00704731 0.04102777 0.05965482
v 0.01320232 -0.05987463 0.05027794
v 0.00466705 0.02141305 0.08690684
v 0.00526197 0.04061305 0.06142949
v -0.01210793 -0.07274887 0.14160090
v -0.03689564 0.00002938 0.03265370
v 0.03635283 0.00920442 0.02995000
v 0.00525223 0.06558586 0.04767550
v -0.03714929 -0.00305798 0.03162559
v -0.00802836 0.02717818 0.05642255
v 0.00541861 -0.04200582 0.05811023
v -0.00630684 0.02355834 0.08462422
v -0.00777934 -0.09962886 0.12882797
v -0.00777934 -0.09962886 0.13358744
v 0.00472357 0.02959739 0.07674293
v 0.03084860 0.01653371 0.00000000
v 0.00727816 0.09814907 0.12596461
v 0.01227432 0.09332604 0.13689830
v -0.00429696 0.00382332 0.05620972
v -0.01175250 0.05964669 0.07269798
v -0.00524957 -0.06224515 0.04630100
v -0.00730145 -0.04185731 0.05539986
v -0.01224268 -0.05358723 0.06394268
v 0.00470279 0.00349821 0.05467786
v -0.01955646 -0.00810627 0.06529820
v -0.00466659 0.04195454 0.05850003
v -0.00522871 0.02370686 0.08475247
v 0.00570524 0.04224894 0.05361286
v 0.00381686 -0.05847682 0.06889268
v -0.00802654 0.02945662 0.05133594
v -0.00473227 -0.04052865 0.06161431
v 0.00467357 0.02959743 0.07674327
v -0.00873499 -0.02326657 0.08291647
v -0.00466950 -0.02448769 0.08379851
v -0.02956434 -0.02306945 0.02995000
v 0.03507369 0.01326976 0.00310000
v -0.00473374 -0.04237440 0.05383344
v 0.00488658 0.04156800 0.05957960
v -0.00488658 -0.04156800 0.05957960
v 0.00473374 0.04237440 0.05383344
v -0.03507369 -0.01326976 0.00310000
v 0.00756701 -0.03468415 0.00050000
v 0.02956435 0.02306945 0.02995000
v -0.03440917 -0.00640383 0.00000000
v 0.00466950 0.02448769 0.08379851
v 0.00873500 0.02326657 0.08291647
v -0.00570524 -0.04224895 0.05361286
v -0.00467357 -0.02959743 0.07674327
v 0.00473227 0.04052865 0.06161431
v 0.00802654 -0.02945662 0.05133594
v -0.00381686 0.05847682 0.06889268
v 0.00522871 -0.02370686 0.08475247
v 0.00466659 -0.04195454 0.05850003
v -0.00463164 0.02305923 0.08545435
v 0.01955646 0.00810627 0.06529820
v -0.00470279 -0.00349821 0.05467786
v 0.01224268 0.05358723 0.06394268
v 0.00730145 0.04185731 0.05539986
v 0.00524957 0.06224515 0.04630100
v 0.01175250 -0.05964669 0.07269798
v 0.00429696 -0.00382332 0.05620972
v -0.01227432 -0.09332604 0.13689830
v -0.00541861 0.04200581 0.05811023
v -0.00727816 -0.09814907 0.12596461
v -0.03493189 0.00218245 0.00000000
v -0.03016782 0.01871237 0.00050000
v -0.00472357 -0.02959739 0.07674293
v 0.00777934 0.09962886 0.12882797
v 0.00777934 0.09962886 0.13358744
v 0.00630684 -0.02355834 0.08462422
v 0.00802836 -0.02717818 0.05642255
v 0.03714929 0.00305798 0.03162559
v -0.00525223 -0.06558586 0.04767550
v -0.03635284 -0.00920442 0.02995000
v 0.03689564 -0.00002938 0.03265370
v 0.01210793 0.07274887 0.14160090
v -0.00526197 -0.04061305 0.06142949
v -0.01320232 0.05987463 0.05027794
v 0.00704731 -0.04102777 0.05965482
v 0.00563759 -0.04225913 0.05362149
v -0.01379928 -0.06187897 0.04881303
v 0.03291404 -0.01791097 0.03054759
v -0.00424638 0.06733959 0.06565752
v -0.00819252 -0.04013945 0.06016626
v -0.00474835 0.06486919 0.04710431
v 0.00466772 -0.04053624 0.06161438
v 0.00637095 -0.04043384 0.06131615
v -0.00737281 -0.02399608 0.08344402
v 0.00947822 -0.02264952 0.08245907
v -0.00002979 -0.03544952 0.00050000
v 0.01211118 0.07683209 0.14370225
v 0.01943770 -0.01546103 0.05608502
v -0.01320167 0.06069129 0.04927408
v -0.00424695 0.06662793 0.04730745
v 0.03576698 0.00905609 0.03265370
v -0.00674466 0.04197770 0.05365715
v 0.00634435 0.02354826 0.08462422
v 0.03433438 0.01507979 0.02995000
v 0.00726499 -0.04184437 0.05455092
v 0.00325715 0.03484811 0.00000000
v -0.00776191 -0.07774325 0.14270611
v -0.00204676 -0.05871477 0.06980901
v 0.00725867 0.07367819 0.13296307
v 0.01228011 0.10059659 0.12852866
v -0.02535000 -0.02763381 0.02995000
v -0.00828308 0.02285451 0.08401863
v -0.00653541 -0.04121460 0.05971817
v 0.00536626 -0.04175220 0.05898337
v -0.00723405 0.08281996 0.11974920
v -0.00032144 0.03246988 -0.00273978
v 0.03134088 -0.02059124 0.02995000
v -0.00824784 0.04112780 0.05703583
v -0.00466620 0.04244620 0.05503139
v -0.01322335 0.09627020 0.12892613
v 0.03428453 -0.01512308 0.03054759
v -0.00723874 0.07692941 0.14270611
v -0.00829831 0.04125837 0.05540498
v -0.00572077 0.04006030 0.06214368
v 0.03719843 0.00448654 0.02995000
v 0.01322437 -0.09499249 0.12872081
v -0.00725767 -0.07241585 0.13428173
v -0.01174543 -0.05704561 0.06460013
v 0.00666848 0.04192655 0.05717238
v 0.02804933 -0.02488944 0.00310000
v -0.01174919 0.06380688 0.04553178
v 0.00951429 0.02263440 0.08245907
v -0.01322300 0.09671312 0.13323354
v -0.01224239 -0.05322608 0.06078260
v 0.00876270 0.03892369 0.06132885
v -0.01505715 -0.07175535 0.21196310
v -0.01505715 -0.07175535 0.14196310
v -0.00894534 0.03641745 0.00310000
v 0.00712836 -0.04155503 0.05799384
v -0.03676833 -0.00612463 0.03162559
v -0.00002986 -0.03749999 0.00310000
v 0.01938365 -0.08333167 0.13821765
v 0.01289650 0.05838994 0.04814058
v -0.02974292 0.01844882 0.00000000
v -0.01224895 -0.06145902 0.07697385
v 0.00037001 0.02853010 -0.00273978
v -0.00424577 0.06811026 0.05061865
v -0.00779359 0.03945107 0.06170125
v -0.01224580 -0.05750893 0.06365543
v 0.03544603 -0.01224045 0.02995000
v 0.00555835 -0.04236141 0.05543416
v -0.00558272 -0.04230253 0.05631879
v -0.01175424 0.05745811 0.04756645
v -0.01322234 0.09752979 0.13222968
v 0.01235350 -0.05841005 0.04814058
v -0.02938691 -0.02293100 0.03162559
v 0.00610021 0.04208276 0.05720008
v 0.01380029 0.06315668 0.04901835
v 0.02621576 -0.02393708 0.00050000
v 0.00475507 0.06915732 0.06242943
v -0.00155324 0.05871764 0.06980901
v -0.00429653 0.00436116 0.05209224
v 0.00725680 0.07133076 0.13772319
v 0.00725680 0.07133076 0.17572319
v 0.01320212 -0.06013035 0.05276483
v 0.00625755 0.04213397 0.05362741
v 0.00642076 -0.04085611 0.06054009
v 0.00982799 -0.02168427 0.08301292
v 0.03410441 -0.01504362 0.03162559
v -0.01242142 0.09867670 0.13470786
v 0.00802531 -0.03100778 0.05117643
v -0.01175781 0.05298838 0.06298585
v 0.01557588 -0.03134313 0.00000000
v 0.01377423 0.09320087 0.13267261
v 0.03503456 0.00540823 0.00050000
v -0.00697256 -0.03977321 0.06194307
v -0.03180792 -0.01460329 0.00000000
v -0.03727493 0.00002968 0.03162559
v 0.01380065 0.06359960 0.05332576
v -0.00836459 -0.04124520 0.05538485
v -0.01125456 0.05706392 0.06460013
v 0.02297392 0.02963864 0.02995000
v -0.00600564 -0.04165992 0.05893344
v 0.03131733 -0.02057576 0.03054759
v -0.00526707 -0.02446440 0.08378199
v 0.00674297 -0.07161960 0.13591895
v 0.00467642 -0.02960488 0.07674293
v -0.01938532 0.08123032 0.14230087
v -0.00722018 0.10024344 0.13120770
v -0.00539625 -0.03458151 0.00000000
v -0.00470297 -0.00372327 0.05331791
v -0.00537907 -0.04143463 0.05981104
v -0.01210939 -0.07458150 0.14305768
v 0.01380130 0.06441626 0.05232190
v 0.00551457 -0.04231014 0.05633418
v -0.01297955 -0.09989734 0.13269138
v -0.01692673 0.02923930 0.09021116
v 0.00463049 -0.02449510 0.08379851
v 0.01224208 0.05283994 0.06185418
v 0.00753781 -0.04003942 0.06107279
v 0.00519714 -0.04062053 0.06143164
v 0.00514537 0.04241051 0.05510138
v 0.00912182 -0.02299237 0.08270758
v 0.00923599 0.03996571 0.05836188
v 0.00706961 0.04066716 0.06043812
v 0.03378105 0.01483676 0.03265370
v -0.00475237 -0.06576740 0.06669416
v 0.00462642 -0.02960484 0.07674327
v -0.01332560 -0.03505251 0.00310000
v -0.01228060 -0.10121315 0.13078710
v 0.00871301 0.03979677 0.05998964
v 0.01963251 0.02957726 0.00050000
v 0.00777853 0.09861790 0.12752908
v 0.00777853 0.09861790 0.13488632
v 0.00733621 -0.02196578 0.08571203
v 0.00864984 0.03898782 0.06137522
v 0.00327129 0.05864862 0.06957128
v -0.01956018 -0.01277794 0.07081304
v 0.01955865 0.01085342 0.05570621
v -0.00525553 0.04105886 0.06064539
v 0.00671948 -0.10111586 0.12997886
v 0.00812826 -0.04014946 0.06017404
v -0.01297837 -0.09840738 0.13486959
v 0.02311842 0.02694047 0.00050000
v -0.00584528 -0.04054369 0.06138710
v -0.00831947 -0.02284129 0.08401863
v 0.00466836 0.02305183 0.08545435
v -0.00547334 -0.03507553 0.00050000
v 0.00733517 -0.02327137 0.08437716
v -0.03375738 0.01489055 0.03265370
v -0.01938386 0.08306591 0.13589170
v 0.01174334 0.05441440 0.06500255
v 0.00778389 0.04144288 0.05708651
v 0.00424493 -0.06916448 0.06242943
v -0.01052898 -0.03638368 0.08010549
v -0.00475193 -0.06520416 0.04614021
v -0.00962768 -0.03897440 0.05956563
v -0.01227270 -0.09129312 0.13573732
v -0.01377782 -0.09771360 0.13095197
v 0.03612005 -0.00920672 0.03162559
v 0.01224391 0.05513377 0.05965080
v -0.03677128 -0.00302687 0.03265370
v -0.00948388 0.03830433 0.06086975
v 0.00238124 -0.05868895 0.06970267
v 0.03631082 -0.00925535 0.03054759
v -0.00728030 -0.10083678 0.13334903
v -0.01747586 0.03032482 0.00000000
v -0.03546548 -0.01218398 0.02995000
v -0.00427526 0.03107746 0.04741993
v 0.00473312 0.04158626 0.05954708
v 0.01172202 -0.09792606 0.13657638
v 0.03487479 -0.01204318 0.03265370
v -0.00466624 0.04239266 0.05623017
v 0.00543399 0.04175010 0.05896376
v -0.03714437 0.00311714 0.03162559
v -0.00847144 -0.02692446 0.05567641
v 0.02588408 0.02355874 0.00000000
v 0.01211634 0.08330659 0.13821765
v -0.00819073 0.04075427 0.05864352
v -0.03317426 0.01744547 0.02995000
v -0.00777744 -0.09723997 0.12662884
v -0.00777744 -0.09723997 0.13578657
v -0.01175479 0.05677731 0.06419071
v 0.00473379 0.04242851 0.05560276
v -0.01224643 -0.05830492 0.06823840
v 0.00765031 -0.04106588 0.05874955
v -0.00878933 0.04087204 0.05539477
v -0.01944353 0.00813732 0.06529820
v -0.00593814 0.04166308 0.05895294
v -0.00424907 0.06396580 0.06719645
v -0.00477962 0.04132773 0.06016077
v -0.01938416 0.08268709 0.14046825
v -0.00757676 0.04043941 0.06032417
v -0.00466781 -0.02235995 0.08616174
v 0.00605416 0.04190373 0.05807487
v 0.00724234 -0.07241050 0.13854616
v 0.00724234 -0.07241050 0.13690021
v -0.03383800 -0.01073498 0.00050000
v 0.00736042 0.04174246 0.05367703
v -0.00475385 -0.06761818 0.04884833
v 0.01361209 0.07795878 0.14014126
v 0.00598683 -0.04191065 0.05808561
v -0.01225366 -0.06738265 0.04838925
v -0.00727420 -0.09317977 0.12556955
v 0.03071508 0.01769896 0.00050000
v -0.03747180 0.00002984 0.03054759
v 0.01224346 0.05456552 0.06452606
v 0.00711357 0.04102312 0.05963719
v -0.02533095 -0.02761304 0.03054759
v -0.00466660 0.04193704 0.05855468
v 0.01281524 0.08192681 0.13603541
v -0.00463111 0.02372777 0.08477083
v -0.00473327 -0.04178519 0.05900847
v 0.03087885 0.02127785 0.00310000
v -0.01326976 0.03507369 0.00310000
v -0.00777486 -0.09400407 0.12636071
v 0.02753116 0.02541993 0.03054759
v -0.03749999 0.00002986 0.02995000
v -0.03749999 0.00002986 0.00310000
v -0.00727924 -0.09950806 0.12699885
v 0.03489393 0.01198762 0.03265370
v 0.01017917 0.03755434 0.06033791
v -0.00315333 0.05860522 0.06939049
v -0.00728060 -0.10121302 0.13168321
v 0.01175282 -0.05924438 0.04605320
v -0.00672446 0.09486250 0.12521979
v -0.03276945 -0.01776470 0.03162559
v -0.01235361 0.05826730 0.04840102
v 0.01224489 0.05636779 0.04964809
v 0.00678010 0.04205483 0.05452396
v -0.00522810 0.02447275 0.08378199
v -0.00672311 0.09656491 0.12535512
v -0.01956230 -0.01542997 0.05608502
v 0.01943624 -0.01729365 0.05754180
v 0.00532150 0.04105387 0.06063696
v 0.01938880 -0.07685717 0.14370225
v 0.00683289 0.02415787 0.08356089
v -0.00578057 0.04055211 0.06138923
v -0.01381136 0.03270315 0.00050000
v 0.00965971 0.03950764 0.05820722
v -0.00723256 -0.04171348 0.05713456
v 0.00920919 -0.04031828 0.05689114
v 0.01939206 -0.07277396 0.14160090
v -0.01224578 -0.05748051 0.06340682
v 0.00526416 0.02081453 0.08734164
v 0.01943949 -0.01321043 0.05544045
v 0.01320249 -0.05966931 0.05155564
v -0.00847288 -0.02872658 0.05165319
v 0.00716578 -0.04172370 0.05714239
v -0.01322255 0.09727406 0.12974279
v 0.00956543 -0.03898706 0.05957250
v -0.00197571 0.03050158 -0.00273978
v 0.00190422 0.03118254 -0.00273978
v 0.00917187 -0.03997521 0.05837854
v -0.00588752 0.04135343 0.05979389
v -0.00466804 0.04013743 0.06220015
v 0.01579840 -0.03179089 0.00050000
v -0.01224304 -0.05404753 0.05999354
v 0.00514741 0.04240815 0.05505681
v 0.00470304 0.00381615 0.05620972
v 0.03393608 -0.00856401 0.00000000
v 0.03443467 0.00863152 0.00050000
v 0.00648631 0.04084912 0.06053178
v -0.00777704 0.04159152 0.05541379
v 0.01297856 0.09865648 0.13470786
v 0.00607599 -0.04220496 0.05632340
v 0.03505251 -0.01332560 0.00310000
v -0.00727689 -0.09655376 0.12535512
v -0.01281487 -0.08146512 0.13509941
v -0.01402685 -0.03219024 0.09372379
v -0.02935035 0.02297777 0.03162559
v -0.00727553 -0.09485135 0.12521979
v -0.00475514 -0.06923855 0.06055397
v -0.00671940 0.10122417 0.13168321
v 0.00481433 0.04111793 0.06058031
v -0.00672075 0.09951921 0.12699885
v -0.03719123 0.00454577 0.02995000
v 0.03264659 0.01261746 0.00000000
v 0.03675852 -0.00618318 0.03162559
v 0.01160613 -0.03301966 0.00000000
v 0.00466710 -0.04131406 0.06018928
v 0.00723744 -0.07856973 0.14257019
v 0.00466673 -0.04177997 0.05904537
v -0.03543092 0.00221363 0.00050000
v -0.01174753 0.06588851 0.04660298
v 0.01227617 0.09564851 0.13719294
v -0.01175563 0.05572020 0.06461488
v 0.00802762 -0.02810444 0.05211256
v -0.01224481 -0.05625932 0.05982552
v -0.00672579 0.09319092 0.12556955
v -0.02725034 0.02196404 0.00000000
v 0.01242043 -0.09991756 0.13269138
v 0.01562578 0.03131828 0.00000000
v -0.01228037 -0.10091851 0.13310957
v 0.00915843 0.02297781 0.08270758
v 0.00776060 0.07610293 0.14257019
v 0.00776060 0.07610293 0.13287618
v 0.00785641 0.03943861 0.06170125
v 0.00913148 0.03862453 0.06111239
v -0.00986251 -0.02166859 0.08301292
v -0.00777976 -0.10016330 0.13203068
v -0.00777976 -0.10016330 0.13038472
v 0.00825632 0.04074678 0.05862552
v 0.00954488 0.03828918 0.06086975
v -0.00150678 0.03178678 -0.00273978
v 0.00070683 0.02862006 -0.00273978
v 0.00717335 0.06538422 0.13290239
v -0.03336141 -0.01058378 0.00000000
v 0.01380109 0.06416054 0.04983501
v -0.00474323 -0.05428809 0.06805261
v -0.03274112 0.01781687 0.03162559
v 0.00429721 -0.00350537 0.05467786
v 0.01242162 -0.09842761 0.13486959
v -0.00630623 0.02431416 0.08366650
v 0.00511440 -0.04238920 0.05431739
v -0.01377745 -0.09725256 0.12974279
v 0.00725995 0.07527864 0.13208503
v 0.00724001 -0.07533383 0.13314431
v 0.00724001 -0.07533383 0.14230206
v -0.01297922 -0.09947719 0.13364675
v -0.01175525 0.05619385 0.05198120
v 0.01377503 0.09420473 0.13348927
v -0.00671970 0.10084793 0.13334903
v -0.03638450 0.00612026 0.03265370
v -0.03641745 -0.00894534 0.00310000
v -0.00722198 0.09797818 0.13539354
v -0.00722198 0.09797818 0.12702187
v -0.03523330 0.01216698 0.03162559
v 0.00876567 0.04038074 0.05850198
v -0.00690921 0.03978426 0.06194307
v 0.01224894 0.06145466 0.04533872
v 0.00776318 0.07933883 0.14230206
v 0.00595450 0.04135099 0.05977578
v -0.01172843 0.08987835 0.13388674
v 0.02954212 0.02305211 0.03054759
v -0.01175449 0.05715899 0.06042622
v 0.00590082 0.04097723 0.06059765
v 0.00473274 0.04110779 0.06060399
v 0.00475362 0.06733243 0.06565752
v -0.03293880 0.01792444 0.02995000
v 0.00998769 -0.01545796 0.09000000
v 0.00475305 0.06662076 0.04730745
v 0.03737360 0.00307644 0.02995000
v -0.00112148 -0.03548228 0.00050000
v -0.01227156 -0.08985924 0.13388674
v -0.00700439 0.04067517 0.06044630
v 0.00847144 0.02692797 0.05411707
v -0.00630910 0.02071229 0.08717935
v -0.00534117 0.03459005 0.00000000
v -0.01224551 -0.05713987 0.06042622
v 0.00847195 0.02756542 0.05269398
v 0.02751130 -0.02548290 0.02995000
v -0.00429575 0.00533694 0.05111862
v -0.01361683 0.03224254 0.00000000
v -0.00959643 0.03951806 0.05822309
v -0.00474970 0.06316990 0.04640516
v 0.00466637 -0.04222786 0.05737579
v -0.01379968 -0.06239042 0.05378681
v -0.01366817 -0.03222082 0.00000000
v 0.01505117 0.06425535 0.21196310
v 0.01505117 0.06425535 0.14196310
v 0.03722297 -0.00454977 0.00310000
v 0.00679011 -0.03982913 0.06197564
v -0.01224474 -0.05617473 0.05198120
v 0.03128930 0.01676991 0.00050000
v -0.01281527 -0.08197185 0.13632897
v -0.01944134 0.01088448 0.05570621
v 0.01172054 -0.09977664 0.13514249
v 0.02690116 -0.02308672 0.00050000
v 0.00463219 -0.02236736 0.08616174
v 0.02484473 -0.02808895 0.00310000
v 0.03676642 -0.00308543 0.03265370
v 0.00519825 0.04234945 0.05395001
v 0.03342447 -0.01180991 0.00050000
v -0.01171962 0.10093762 0.13310957
v 0.00473196 0.04012994 0.06220015
v -0.00722102 0.09918914 0.12813664
v -0.00722102 0.09918914 0.13427877
v 0.00155740 0.03178434 -0.00273978
v 0.00761423 -0.04078142 0.05954973
v -0.01224436 -0.05570109 0.06461488
v 0.00473289 0.04129731 0.06018536
v -0.00779417 0.02379203 0.08328750
v -0.01242089 0.09934019 0.13390224
v -0.01175519 0.05627843 0.05982552
v -0.03490073 -0.00649532 0.00050000
v 0.00466889 0.02372036 0.08477083
v 0.00994599 -0.03852092 0.05933135
v -0.01225246 -0.06586940 0.04660298
v -0.01494285 0.07177924 0.21196310
v -0.01494285 0.07177924 0.14196310
v -0.00541747 0.03508420 0.00050000
v -0.00470486 -0.00610108 0.05824251
v -0.03296730 -0.01787196 0.02995000
v -0.00722039 0.09997253 0.13283120
v -0.00722039 0.09997253 0.12958420
v 0.00982748 -0.02231355 0.08221553
v -0.01322218 0.09773510 0.13095197
v 0.01322396 -0.09550394 0.13369459
v 0.02488944 0.02804934 0.00310000
v -0.00526646 -0.02369850 0.08475247
v 0.00762224 0.03467206 0.00050000
v 0.00475423 0.06810310 0.05061865
v 0.03632551 0.00919751 0.03054759
v -0.00454977 -0.03722297 0.00310000
v -0.02434467 0.02514631 0.00000000
v -0.00553567 -0.04218425 0.05721805
v 0.00470347 0.00435399 0.05209224
v 0.01944464 -0.00673593 0.06092505
v -0.03504566 -0.01325881 0.02995000
v -0.02749063 0.02546375 0.03054759
v 0.00199362 0.03015112 -0.00273978
v -0.01211522 -0.08190520 0.13384451
v -0.01125665 0.05443272 0.06500255
v 0.01227944 0.09975752 0.13514249
v -0.01175695 0.05406664 0.05999354
v 0.00671995 -0.10053176 0.12837408
v -0.03575251 0.00911304 0.03265370
v 0.00634495 0.02430409 0.08366650
v 0.03118535 0.02041801 0.03162559
v 0.00789532 0.04146377 0.05371238
v -0.00466750 0.04081353 0.06115812
v -0.00032457 0.02853065 -0.00273978
v 0.00473370 0.04232393 0.05675234
v 0.02530596 -0.02767415 0.02995000
v 0.00828252 -0.02356278 0.08312117
v -0.00913107 0.03941834 0.05979565
v 0.03543883 0.01217482 0.03054759
v -0.01175422 0.05749962 0.06340682
v -0.00097709 0.02876874 -0.00273978
v -0.00674233 0.07242699 0.13428173
v -0.03319071 0.01745355 0.00310000
v 0.00708865 -0.04132149 0.05883656
v 0.02132699 0.03084492 0.00310000
v -0.01361351 -0.07973684 0.13838384
v 0.03126255 -0.01681972 0.00050000
v 0.01211467 0.08120524 0.14230087
v -0.00548614 -0.04199988 0.05809941
v 0.00429703 -0.00373043 0.05331791
v 0.03525264 0.01211085 0.03162559
v 0.01943252 -0.02196531 0.06305664
v 0.00634208 0.02070221 0.08717935
v -0.00559949 0.04234445 0.05452605
v -0.00658214 -0.04151603 0.05888498
v -0.01956376 -0.01726259 0.05754180
v -0.01478943 0.03221710 0.00050000
v 0.01939060 -0.07460658 0.14305768
v 0.00737223 0.02325966 0.08437716
v 0.01380146 0.06462158 0.05104420
v 0.03543362 0.00106190 0.00050000
v 0.00643547 0.04042446 0.06131403
v -0.03412833 -0.01498929 0.03162559
v 0.01175105 -0.06147377 0.04533872
v 0.00702404 0.04025295 0.06120880
v 0.00002270 0.02849999 -0.00273978
v 0.00737119 0.02195407 0.08571203
v 0.00424763 -0.06577457 0.06669416
v 0.01289638 0.05824719 0.04840102
v -0.01956050 -0.01317937 0.05544045
v -0.00424545 0.06850768 0.06418799
v -0.01174633 0.06740176 0.04838925
v 0.00526538 0.02234065 0.08614077
v -0.00885490 -0.04085807 0.05537536
v -0.00464465 0.05814993 0.06748700
v 0.00660132 -0.04193582 0.05718035
v -0.00912235 0.02232018 0.08355933
v 0.01242076 -0.09949742 0.13364675
v 0.00722449 -0.09483054 0.12622478
v 0.03115279 -0.02046766 0.03162559
v 0.00673523 -0.08134190 0.17572319
v -0.00484207 -0.04129070 0.06019617
v 0.00802861 -0.02685741 0.05489656
v 0.00726477 0.08133075 0.17572319
v -0.00664071 0.04204499 0.05630703
v -0.00525100 -0.06404397 0.04667600
v 0.01211613 0.08304083 0.13589170
v 0.00671251 -0.04206637 0.05453989
v -0.01175355 0.05832403 0.06823840
v -0.00474729 0.06620116 0.04837011
v -0.01377766 -0.09750828 0.13222968
v -0.00603277 0.04209108 0.05720815
v 0.00424807 -0.06521132 0.04614021
v 0.01377604 0.09548244 0.13369459
v 0.01172382 -0.09566763 0.13719294
v 0.03265727 0.01379029 0.00050000
v 0.00526283 0.01914581 0.08833487
v -0.01224520 -0.05675819 0.06419071
v 0.00475382 -0.05798443 0.06667226
v -0.03541940 0.01223125 0.03054759
v 0.03734551 0.00307413 0.03054759
v -0.00919405 -0.03940651 0.05978844
v -0.00968784 0.03415254 0.00050000
v 0.00472474 0.03107030 0.04741993
v -0.01377701 -0.09669162 0.13323354
v -0.01242040 0.09994966 0.13239612
v -0.00672184 0.09816022 0.12596461
v -0.00646874 0.04121814 0.05973608
v -0.00611663 0.04225239 0.05543127
v 0.00802835 -0.02718505 0.05337203
v 0.00831358 0.04111575 0.05702841
v 0.00473380 0.04243927 0.05499404
v -0.01172729 0.09131224 0.13573732
v -0.00470606 -0.00760104 0.04981063
v 0.00475093 0.06395864 0.06719645
v 0.01211583 0.08266201 0.14046825
v -0.01361351 -0.07974439 0.13708976
v -0.00695981 0.04026329 0.06121088
v -0.00185455 0.03118553 -0.00273978
v -0.01379867 -0.06111271 0.05358149
v 0.00424615 -0.06762535 0.04884833
v -0.01361106 -0.07666470 0.14013370
v -0.00500278 -0.05822758 0.06787614
v 0.01361017 0.07554778 0.13948012
v -0.00428988 0.01271258 0.04875482
v -0.00425540 0.05601754 0.06810481
v 0.00771652 0.04105946 0.05873102
v 0.00662646 0.04175322 0.05803640
v -0.01171939 0.10123227 0.13078710
v -0.00473353 -0.04210981 0.05788852
v -0.01772551 0.03075803 0.00050000
v 0.00495286 0.04191451 0.05857679
v 0.00720095 -0.04182820 0.05628487
v -0.00651498 0.04152028 0.05890426
v -0.03084493 0.02132700 0.00310000
v -0.00618488 -0.04224292 0.05540930
v 0.01297909 0.09931996 0.13390224
v 0.00681180 0.04196573 0.05364873
v 0.02855078 -0.02024483 0.00000000
v 0.00674565 0.04207837 0.05540527
v 0.00728005 0.10052061 0.12837408
v -0.01379831 -0.06066979 0.04927408
v -0.03321847 -0.01740067 0.00310000
v 0.01224717 0.05922526 0.04605320
v -0.03082357 0.02131166 0.02995000
v -0.00424943 0.06350814 0.04545587
v -0.00822404 -0.03018530 0.05092598
v 0.01175510 -0.05638690 0.04964809
v -0.00915789 -0.02230562 0.08355933
v -0.00425089 0.06167775 0.04531846
v -0.02755185 -0.02543905 0.02995000
v -0.02292668 0.02967519 0.02995000
v 0.00002787 0.03499999 0.00000000
v -0.01320071 0.06190047 0.04881303
v -0.00470804 -0.01009697 0.04901073
v -0.01379766 -0.05985313 0.05027794
v -0.03546545 0.00112095 0.00050000
v 0.00782904 -0.04147745 0.05372044
v 0.00775782 0.07260127 0.13934668
v 0.00775782 0.07260127 0.13609969
v -0.00429622 0.00474592 0.05747324
v -0.01037101 0.03640032 0.08010549
v -0.00715539 -0.04131616 0.05881760
v -0.01224219 -0.05296927 0.06298585
v 0.01955586 0.00734945 0.05867445
v 0.01322498 -0.09422623 0.13348927
v -0.00764153 -0.04043039 0.06031617
v 0.00776594 0.08280801 0.11974920
v -0.01745355 -0.03319071 0.00310000
v 0.03699032 0.00616161 0.02995000
v 0.00784396 0.04157921 0.05539304
v 0.01175654 -0.05458463 0.06452606
v -0.01289710 -0.05914399 0.04741902
v 0.00831847 0.02158561 0.08530247
v -0.03430858 -0.01506846 0.03054759
v -0.01289826 -0.06060062 0.04669923
v 0.00724192 -0.07294494 0.13534346
v 0.00724192 -0.07294494 0.14010292
v 0.00775844 0.07338466 0.13465212
v 0.00775844 0.07338466 0.14079426
v -0.02952756 0.02311651 0.02995000
v -0.03698047 0.00622051 0.02995000
v -0.01235197 0.06032868 0.04675320
v 0.01319889 -0.06418204 0.04983501
v -0.01211304 -0.07915804 0.14343649
v 0.00696921 -0.06539548 0.13290239
v 0.03639326 -0.00900124 0.02995000
v 0.00424486 -0.06924572 0.06055397
v 0.00499718 -0.04232220 0.05667983
v 0.01935600 0.02916068 0.00000000
v 0.02895864 -0.02053404 0.00050000
v -0.00864936 0.03980772 0.05999716
v -0.00466620 0.04244708 0.05506549
v -0.01175419 0.05752804 0.06365543
v 0.01322533 -0.09378332 0.12918186
v 0.00175554 0.02949861 -0.00273978
v -0.03431033 0.01513445 0.02995000
v -0.00634328 -0.02220827 0.08599427
v -0.01224574 -0.05743899 0.04756645
v -0.00562686 -0.04235291 0.05541199
v -0.01322614 0.09276133 0.13146342
v 0.00546804 -0.04219163 0.05722619
v 0.01361299 0.07908325 0.13950076
v 0.00470396 -0.04080923 0.06116462
v 0.03442088 -0.00868635 0.00050000
v -0.01175104 0.06147813 0.07697385
v -0.00986301 -0.02229787 0.08221553
v 0.00622272 0.04222182 0.05451547
v -0.00674132 0.07368934 0.13296307
v 0.00508697 0.04236006 0.05626198
v 0.02950537 -0.02309914 0.03054759
v -0.00670832 -0.04203546 0.05629198
v 0.03613466 0.00914918 0.03162559
v -0.03530104 -0.00324121 0.00050000
v 0.01322598 -0.09296665 0.13018572
v -0.01175761 0.05324519 0.06078260
v 0.00783206 0.02377959 0.08328750
v 0.01227797 0.09790695 0.13657638
v -0.01225080 -0.06378777 0.04553178
v 0.00523234 -0.01915417 0.08833487
v -0.03439893 0.00645863 0.00000000
v -0.03723017 -0.00449048 0.00310000
v -0.00466659 -0.02083096 0.08736487
v -0.02137096 0.02834664 0.00050000
v -0.00722576 0.09323496 0.12662884
v 0.01955556 0.00697064 0.06325100
v -0.01955535 -0.00670488 0.06092505
v -0.01938695 0.07918312 0.14343649
v 0.01175609 -0.05515288 0.05965080
v -0.00679441 0.02416872 0.08356089
v -0.00777617 -0.09564439 0.12622478
v -0.00619012 0.04214505 0.05363596
v -0.03639420 -0.00606231 0.03265370
v 0.02528695 -0.02765335 0.03054759
v 0.03633813 -0.00926231 0.02995000
v 0.00425677 -0.05429526 0.06805261
v 0.03135006 0.02052586 0.03054759
v 0.00775940 0.07459562 0.13353736
v 0.00775940 0.07459562 0.14190901
v -0.00463474 0.01916651 0.08835997
v -0.01289729 -0.05938709 0.04724323
v 0.00874779 -0.04074773 0.05696789
v 0.00522979 -0.02234901 0.08614077
v 0.01174442 0.05577708 0.06510913
v -0.00470378 -0.00473876 0.05747324
v 0.01494882 -0.06427924 0.21196310
v 0.01494882 -0.06427924 0.14196310
v -0.00215258 0.03538412 0.00050000
v 0.01379750 0.05964781 0.05155564
v 0.00674005 -0.07528979 0.13208503
v 0.03522744 -0.00439059 0.00050000
v -0.03640316 0.00900333 0.00310000
v 0.01125557 -0.05579539 0.06510913
v -0.00474911 -0.06167059 0.04531846
v -0.00429196 0.01010414 0.04901073
v -0.00869793 0.02328046 0.08291647
v 0.00861774 -0.03438610 0.00050000
v -0.01956748 -0.02193426 0.06305664
v -0.03696254 -0.00615698 0.03054759
v -0.00126007 0.03203310 -0.00273978
v -0.00475057 -0.06350097 0.04545587
v -0.00722318 0.09647087 0.13605470
v -0.00722318 0.09647087 0.12636071
v 0.03734056 -0.00313361 0.03054759
v 0.01175791 -0.05285905 0.06185418
v 0.01955702 0.00880623 0.05684184
v 0.00583502 -0.04098321 0.06060604
v 0.01944297 -0.00883729 0.05684184
v -0.00674319 0.07134191 0.13772319
v -0.00674319 0.07134191 0.17572319
v -0.02767507 -0.02223376 0.00050000
v -0.01386343 -0.03268112 0.00050000
v -0.00667774 0.04208880 0.05542694
v -0.00525309 -0.06666256 0.04916449
v -0.00955139 0.03367152 0.00000000
v 0.01297958 0.09992944 0.13239612
v 0.03695268 -0.00621584 0.03054759
v -0.01235270 0.05940720 0.04724323
v -0.00655941 0.04176112 0.05804701
v -0.00523100 0.02082288 0.08734164
v 0.00470425 0.00532977 0.05111862
v 0.03137363 0.02054129 0.02995000
v 0.00870078 -0.04038927 0.05851936
v -0.00524617 -0.05797647 0.06667226
v -0.03489034 0.00655089 0.00050000
v -0.00106497 0.03548402 0.00050000
v -0.00531188 0.04143602 0.05982925
v -0.00474460 -0.05601038 0.06810481
v -0.00471012 -0.01270542 0.04875482
v -0.00725702 -0.07160846 0.13591895
v -0.02977227 -0.01840142 0.00000000
v -0.00097433 0.03223283 -0.00273978
v -0.00110569 -0.03498253 0.00000000
v -0.02106997 0.02794739 0.00000000
v 0.02127784 -0.03087885 0.00310000
v 0.00828408 -0.02159884 0.08530247
v 0.00324738 -0.03535116 0.00050000
v -0.00832004 -0.02354956 0.08312117
v 0.00466630 -0.04231948 0.05333652
v -0.01172567 0.09334516 0.13689830
v 0.00615479 -0.04223244 0.05453163
v -0.00775760 -0.07233036 0.13772319
v -0.00430930 -0.05847052 0.06889336
v -0.00881288 -0.04073484 0.05696072
v -0.00847406 -0.03021068 0.05117467
v -0.00726814 -0.04181771 0.05627009
v 0.00733459 -0.02400779 0.08344402
v 0.00719501 0.04154613 0.05798341
v -0.01001230 -0.01544203 0.09000000
v -0.00429395 0.00760821 0.04981063
v -0.00723399 0.04186869 0.05542112
v 0.03549999 -0.00002827 0.00050000
v 0.00630790 -0.02221834 0.08599427
v 0.00466707 -0.04134666 0.06012618
v 0.00449048 -0.03723017 0.00310000
v 0.01944443 -0.00700169 0.06325100
v 0.00614391 0.04219639 0.05630814
v -0.03223869 0.01486327 0.00050000
v -0.01740067 0.03321847 0.00310000
v -0.01289803 -0.06030857 0.04675320
v 0.00466621 -0.04243208 0.05448384
v 0.00429514 -0.00610824 0.05824251
v -0.00170856 0.02950137 -0.00273978
v 0.00485878 -0.04178695 0.05900354
v -0.01707327 -0.02921223 0.09021116
v -0.01235174 0.06062073 0.04669923
v -0.00728051 -0.10110471 0.12997886
v 0.00492565 -0.04209415 0.05793310
v 0.00432412 -0.05831942 0.06824379
v -0.01224749 -0.05962758 0.07269798
v 0.00578456 0.04005114 0.06214368
v 0.00724111 -0.07395590 0.14140181
v 0.00724111 -0.07395590 0.13404457
v -0.01235290 0.05916410 0.04741902
v -0.01011935 0.03757050 0.06033791
v -0.01319969 0.06317818 0.04901835
v -0.00858773 0.03900154 0.06137522
v -0.00466526 -0.01915910 0.08835997
v -0.01175732 0.05360634 0.06394268
v 0.02808894 0.02484474 0.00310000
v -0.01379787 -0.06010885 0.05276483
v -0.00566765 -0.04233477 0.05450973
v 0.00070982 0.03237883 -0.00273978
v 0.01938476 -0.08193029 0.13384451
v -0.00771758 0.04145404 0.05709416
v 0.00900333 0.03640316 0.00310000
v -0.03736864 0.00313596 0.02995000
v -0.00463341 0.02083836 0.08736487
v 0.00760167 0.04002813 0.06107076
v -0.00126251 0.02896893 -0.00273978
v -0.00685354 -0.03981827 0.06197564
v -0.01322578 0.09322237 0.13267261
v 0.03294253 0.01785853 0.03054759
v -0.00475455 -0.06850051 0.06418799
v 0.00927355 0.04030461 0.05688427
v 0.03320200 0.01739261 0.02995000
v 0.01944413 -0.00738051 0.05867445
v -0.01387557 0.03221246 0.09372379
v 0.00767997 0.04077566 0.05953248
v 0.01171988 -0.10061570 0.12852866
v -0.00505853 0.04241407 0.05549677
f 849 787 225
f 429 1087 787
f 58 693 1500
f 1092 1419 114
f 254 187 476
f 254 429 147
f 1168 535 147
f 1526 147 535
f 202 1385 1259
f 1166 914 607
f 534 16 535
f 1168 534 535
f 607 997 1166
f 914 426 997
f 914 997 607
f 338 430 1166
f 997 338 1166
f 225 1570 849
f 225 1039 1496
f 125 1554 1039
f 794 1039 1554
f 794 1496 1039
f 758 738 429
f 738 1229 108
f 738 758 1229
f 1040 847 883
f 211 1533 80
f 80 1438 380
f 412 1485 405
f 355 34 412
f 412 34 1485
f 1230 973 1169
f 954 26 230
f 973 1230 26
f 114 895 1092
f 1196 904 875
f 1077 816 523
f 523 816 1435
f 1150 1023 792
f 816 1499 1435
f 523 60 1333
f 523 1435 60
f 883 1317 1040
f 1065 949 591
f 254 1275 187
f 1526 187 1275
f 147 1275 254
f 147 1526 1275
f 1526 1465 187
f 1419 1465 114
f 476 920 254
f 429 920 1087
f 254 920 429
f 1384 147 429
f 1384 738 108
f 738 1384 429
f 6 460 1261
f 325 460 1092
f 1261 460 325
f 918 1105 1131
f 1225 216 1554
f 1554 216 794
f 1554 159 1225
f 125 159 1554
f 1465 126 187
f 1465 1419 126
f 476 187 703
f 126 703 187
f 126 1237 703
f 1222 40 445
f 593 40 1222
f 914 913 445
f 1222 445 913
f 1166 913 914
f 66 136 846
f 1166 826 66
f 1229 1427 108
f 136 1427 846
f 849 585 787
f 787 585 429
f 758 429 585
f 66 453 219
f 846 1046 66
f 1427 1046 846
f 1570 195 849
f 1567 195 1570
f 7 1245 591
f 1065 1245 678
f 1245 1065 591
f 1496 363 225
f 363 1570 225
f 1570 363 1567
f 53 791 693
f 883 751 58
f 1084 1326 947
f 947 1326 1009
f 53 1326 791
f 1009 1326 1407
f 1533 1345 80
f 80 1345 1438
f 508 1236 149
f 1366 1012 380
f 1149 379 410
f 410 1243 1149
f 1395 705 1349
f 1257 720 1349
f 1532 485 1257
f 405 1505 564
f 564 610 405
f 412 610 273
f 405 610 412
f 708 922 1133
f 1023 1133 922
f 1133 1023 795
f 708 1133 9
f 9 1133 795
f 1383 323 295
f 1564 1255 273
f 610 1564 273
f 610 564 1564
f 841 1169 1507
f 841 1507 712
f 788 1535 256
f 1150 792 993
f 338 985 430
f 997 426 985
f 338 997 985
f 914 267 426
f 267 985 426
f 895 114 1449
f 1449 267 895
f 862 232 325
f 1261 325 232
f 336 816 1077
f 9 336 1077
f 9 795 336
f 1023 1211 795
f 1211 1023 1150
f 1436 1211 1150
f 336 795 1211
f 1499 389 1466
f 1508 1345 992
f 1345 1508 1438
f 1438 174 380
f 174 705 380
f 1508 174 1438
f 1508 1231 174
f 485 631 1466
f 1466 631 1499
f 1499 631 1435
f 60 1435 631
f 302 1532 889
f 60 302 1333
f 631 302 60
f 992 1506 1508
f 693 14 1500
f 1317 1217 1489
f 883 58 1217
f 1217 1317 883
f 797 880 78
f 1154 265 949
f 949 265 591
f 265 1129 591
f 7 591 1129
f 1047 1129 163
f 219 611 66
f 797 78 611
f 797 611 219
f 766 1201 783
f 1311 36 66
f 410 148 1494
f 410 1454 148
f 1465 1187 114
f 16 1187 535
f 535 1187 1526
f 1465 1526 1187
f 473 1187 16
f 185 114 1187
f 473 185 1187
f 147 870 1168
f 1384 870 147
f 870 1384 108
f 1315 870 108
f 1168 870 1315
f 232 1405 1261
f 232 875 1405
f 1419 1199 6
f 460 6 1199
f 1199 1419 1092
f 460 1199 1092
f 1105 510 1131
f 1196 12 904
f 12 431 904
f 1509 12 1196
f 1385 656 1259
f 1225 1259 656
f 1225 656 927
f 291 927 656
f 927 725 1225
f 725 216 1225
f 291 725 927
f 949 1065 1569
f 1310 1190 225
f 225 1190 1039
f 787 170 225
f 1310 225 170
f 1225 969 1259
f 159 969 1225
f 126 1086 1237
f 6 1086 1419
f 126 1419 1086
f 12 689 431
f 127 689 12
f 918 1131 264
f 918 264 127
f 1261 531 6
f 575 967 1205
f 1177 347 1250
f 1177 1250 1196
f 875 1177 1196
f 1250 215 1196
f 1196 215 566
f 566 215 1250
f 327 1076 593
f 1294 929 445
f 823 547 1315
f 534 1168 547
f 1315 547 1168
f 534 547 16
f 694 136 823
f 1315 108 694
f 1315 694 823
f 1427 694 108
f 136 694 1427
f 826 594 66
f 823 594 826
f 66 594 136
f 136 594 823
f 430 1197 1166
f 1197 826 1166
f 1229 758 1253
f 585 1253 758
f 1427 1229 1253
f 1253 585 849
f 195 1253 849
f 1245 1451 678
f 794 1451 1496
f 1496 1451 363
f 363 1451 1567
f 847 1446 883
f 751 883 1446
f 751 436 58
f 1326 864 1407
f 53 864 1326
f 1407 864 436
f 436 864 53
f 1489 1064 1317
f 1317 1064 1040
f 1064 1533 1040
f 1236 135 334
f 508 135 1236
f 135 1012 334
f 1012 135 508
f 1012 138 334
f 138 1012 1366
f 334 138 380
f 138 1366 380
f 80 380 868
f 1012 868 380
f 609 1139 1444
f 379 757 410
f 379 923 757
f 1523 410 757
f 987 757 923
f 757 987 1523
f 410 582 1243
f 379 1000 923
f 1000 103 923
f 597 582 1153
f 582 597 1243
f 720 1359 1349
f 1349 1359 1395
f 1395 1359 149
f 1236 334 399
f 334 380 399
f 705 399 380
f 1532 817 889
f 1257 817 1532
f 1257 1349 817
f 1505 151 922
f 151 1357 792
f 151 1023 922
f 1023 151 792
f 34 539 1485
f 1505 1537 564
f 708 1537 922
f 922 1537 1505
f 256 667 630
f 256 178 667
f 26 669 230
f 630 492 256
f 1556 492 630
f 788 378 1230
f 256 378 788
f 378 492 1556
f 492 378 256
f 26 1230 798
f 378 798 1230
f 798 378 1556
f 669 26 798
f 295 645 273
f 295 323 645
f 323 355 645
f 412 645 355
f 273 645 412
f 397 295 273
f 1255 397 273
f 26 954 332
f 26 332 973
f 1383 1486 954
f 295 1486 1383
f 332 954 1486
f 332 1486 39
f 256 718 178
f 1535 718 256
f 1230 886 788
f 1535 788 886
f 886 1230 1169
f 841 886 1169
f 1357 731 792
f 1436 1150 201
f 985 1104 430
f 185 1401 114
f 1449 114 1401
f 1092 173 325
f 895 173 1092
f 267 173 895
f 336 63 816
f 1428 1211 1436
f 1211 1428 336
f 1499 816 1109
f 389 1499 1109
f 389 1109 1044
f 384 817 1349
f 1116 889 384
f 817 384 889
f 384 422 1116
f 705 422 1349
f 422 384 1349
f 302 401 1532
f 631 401 302
f 1532 401 485
f 401 631 485
f 1506 992 1179
f 1179 1064 1489
f 1345 1179 992
f 1508 1474 1231
f 1506 1474 1508
f 14 1367 1500
f 351 14 693
f 791 351 693
f 880 961 78
f 961 1123 78
f 265 956 880
f 956 265 1154
f 1129 877 163
f 877 453 163
f 453 877 219
f 1129 880 1120
f 797 219 1120
f 797 1120 880
f 877 1120 219
f 1120 877 1129
f 265 880 1124
f 1129 1124 880
f 1124 1129 265
f 869 388 1139
f 1444 1139 388
f 1070 1311 66
f 1311 146 36
f 1070 146 1311
f 148 1562 1494
f 1454 1562 148
f 431 1194 904
f 875 904 1194
f 1405 875 1194
f 566 714 1196
f 714 1509 1196
f 1456 714 566
f 12 292 127
f 292 12 1509
f 949 71 1154
f 1569 71 949
f 656 71 291
f 1569 291 71
f 1160 1065 678
f 1160 1569 1065
f 1451 1160 678
f 1451 794 1160
f 725 1042 216
f 1160 1042 1569
f 216 1042 794
f 1160 794 1042
f 1039 1030 125
f 1190 1030 1039
f 767 1078 236
f 1030 1190 767
f 787 1087 557
f 787 557 170
f 750 1404 1118
f 202 1246 1385
f 1385 1246 1024
f 1024 1246 202
f 947 32 1084
f 703 175 476
f 127 297 689
f 264 297 127
f 297 653 431
f 689 297 431
f 653 1353 431
f 431 1353 1194
f 1194 1353 1405
f 1405 1353 1261
f 531 1261 1353
f 1353 653 1410
f 1353 1410 531
f 948 4 593
f 110 4 948
f 593 4 327
f 532 1523 740
f 1523 532 626
f 884 1258 86
f 1250 1448 566
f 347 1448 1250
f 1222 840 593
f 948 593 840
f 913 840 1222
f 1166 294 913
f 948 294 110
f 913 294 840
f 840 294 948
f 1076 1213 593
f 40 1213 445
f 40 593 1213
f 445 1213 1294
f 1076 1294 1213
f 1076 396 1294
f 826 658 823
f 823 658 547
f 1253 195 299
f 195 1567 299
f 66 299 453
f 1446 74 751
f 58 76 693
f 436 76 58
f 693 76 53
f 436 53 76
f 80 1089 211
f 868 1089 80
f 508 119 1012
f 119 868 1012
f 857 1291 410
f 410 1291 666
f 741 1291 629
f 741 666 1291
f 1444 68 609
f 388 68 1444
f 1494 1173 410
f 857 79 609
f 618 609 79
f 79 857 410
f 618 79 410
f 618 62 609
f 410 62 618
f 1173 62 410
f 666 358 1136
f 741 358 666
f 1136 361 286
f 1096 149 286
f 666 665 410
f 1136 665 666
f 582 665 1153
f 716 665 1136
f 3 988 629
f 629 988 741
f 28 988 361
f 358 988 28
f 988 358 741
f 3 629 1470
f 1291 1470 629
f 1470 1291 857
f 333 1470 857
f 1470 333 3
f 988 497 361
f 497 286 361
f 665 1314 1153
f 1314 665 716
f 399 311 1236
f 1236 311 149
f 1395 149 311
f 1395 311 705
f 705 311 399
f 151 107 1357
f 151 1505 107
f 1357 394 539
f 107 394 1357
f 107 1505 394
f 539 394 1485
f 405 1485 394
f 1505 405 394
f 397 1184 295
f 295 1184 1486
f 1486 1184 39
f 1184 397 1255
f 712 891 510
f 510 891 1131
f 1248 935 39
f 1248 1507 935
f 39 935 332
f 332 935 973
f 973 935 1169
f 1507 1169 935
f 884 1074 29
f 29 1074 1347
f 1515 831 137
f 258 277 1091
f 1074 277 1347
f 1091 896 258
f 940 896 1091
f 886 1513 1535
f 712 1511 841
f 886 841 1511
f 856 1034 536
f 1288 1034 856
f 161 798 1556
f 798 161 669
f 392 536 418
f 1383 200 323
f 335 200 1383
f 554 335 1383
f 200 554 773
f 554 200 335
f 954 554 1383
f 1436 403 1044
f 403 1043 1044
f 993 825 1150
f 201 1150 825
f 1523 1447 740
f 987 1447 1523
f 473 1491 185
f 1491 1104 985
f 185 1491 1401
f 1197 430 579
f 1104 579 430
f 1197 579 826
f 658 826 579
f 658 579 547
f 862 325 411
f 411 929 862
f 267 914 866
f 173 267 866
f 63 336 545
f 1428 545 336
f 545 1428 1436
f 1436 1044 545
f 63 545 1044
f 63 1371 816
f 1109 816 1371
f 1044 1371 63
f 1109 1371 1044
f 422 77 1116
f 1116 77 1231
f 174 1231 77
f 174 77 705
f 77 422 705
f 1345 1271 1179
f 1179 1271 1064
f 1271 1345 1533
f 1064 1271 1533
f 1231 1130 1116
f 1474 1130 1231
f 1116 1130 889
f 1404 217 507
f 1404 507 1118
f 478 861 1500
f 1367 478 1500
f 14 518 478
f 14 478 1367
f 861 1462 1500
f 861 1217 1462
f 1500 1462 58
f 1217 58 1462
f 1217 1174 1489
f 1174 861 1489
f 861 1174 1217
f 1489 651 1179
f 861 651 1489
f 1179 651 1506
f 755 603 1060
f 755 1545 603
f 611 78 1431
f 611 1431 1273
f 1123 1431 78
f 1431 1123 742
f 1431 742 1273
f 23 1062 742
f 1273 742 1062
f 1273 848 172
f 611 1388 66
f 1273 1388 611
f 66 1281 172
f 1273 172 1281
f 1388 1281 66
f 1388 1273 1281
f 848 354 172
f 68 1155 893
f 1155 68 388
f 146 1070 754
f 172 1267 66
f 66 1267 1070
f 538 55 850
f 292 1509 55
f 831 695 137
f 734 137 695
f 734 695 538
f 714 488 1509
f 850 488 64
f 64 488 1347
f 1347 488 29
f 714 1456 719
f 719 575 29
f 488 719 29
f 488 714 719
f 575 719 1497
f 1456 1497 719
f 1325 71 656
f 978 1325 1385
f 1385 1325 656
f 71 1325 1154
f 1042 725 543
f 1042 543 1569
f 725 291 543
f 1569 543 291
f 767 1103 1078
f 557 1103 170
f 170 1103 1310
f 1190 1310 1103
f 767 1190 1103
f 1259 957 202
f 969 957 1259
f 1404 957 969
f 1404 969 643
f 1404 643 217
f 1084 1198 1326
f 32 1198 1084
f 1326 1198 791
f 1198 351 791
f 162 682 1531
f 162 32 947
f 162 947 1009
f 1531 902 874
f 682 350 902
f 682 902 1531
f 1422 1354 1055
f 1086 6 416
f 1086 416 1237
f 531 416 6
f 1410 416 531
f 4 165 327
f 165 4 967
f 327 165 1497
f 575 1497 165
f 967 575 165
f 945 967 686
f 270 1552 1523
f 1412 1226 293
f 1412 315 1523
f 293 315 1412
f 342 733 512
f 1412 733 1226
f 1226 733 342
f 532 1277 626
f 626 1277 1523
f 1011 575 1205
f 1258 1011 1205
f 884 1011 1258
f 575 1011 29
f 1011 884 29
f 1258 233 86
f 86 233 1027
f 1456 566 1067
f 1448 1067 566
f 1067 1448 347
f 407 559 945
f 967 559 1205
f 945 559 967
f 407 259 830
f 233 830 259
f 233 1258 830
f 1258 1205 830
f 559 830 1205
f 830 559 407
f 396 481 1294
f 1294 481 929
f 299 1046 1265
f 299 1265 1253
f 1046 1427 1265
f 1253 1265 1427
f 1046 951 66
f 951 299 66
f 299 951 1046
f 299 1567 525
f 299 525 453
f 1451 525 1567
f 1451 1245 525
f 453 525 163
f 1245 7 525
f 163 525 1047
f 525 1129 1047
f 1129 525 7
f 847 280 1446
f 1446 280 74
f 847 1040 280
f 436 751 1268
f 74 1268 751
f 436 1268 1407
f 988 1252 497
f 609 763 1139
f 62 763 609
f 358 28 1549
f 358 1549 1136
f 361 1549 28
f 1136 1549 361
f 286 149 650
f 1359 650 149
f 1359 720 650
f 286 650 1136
f 31 1411 485
f 1257 485 1411
f 1314 1411 31
f 1314 716 1411
f 582 410 975
f 665 975 410
f 582 975 665
f 893 1208 68
f 333 1208 893
f 68 1208 609
f 857 609 1208
f 333 857 1208
f 31 485 684
f 684 1314 31
f 1466 684 485
f 134 684 1466
f 1314 684 134
f 1000 471 103
f 1149 471 379
f 471 1000 379
f 1243 471 1149
f 597 471 1243
f 1102 1561 103
f 1102 389 1561
f 1044 1561 389
f 1043 1561 1044
f 1043 103 1561
f 1365 392 34
f 392 1365 536
f 856 536 1365
f 34 355 1365
f 856 1365 355
f 1184 1255 228
f 228 1248 39
f 1184 228 39
f 1507 1280 712
f 1280 891 712
f 1248 1280 1507
f 1515 314 831
f 314 1515 258
f 896 314 258
f 90 277 258
f 1515 90 258
f 64 1347 90
f 277 90 1347
f 1074 1290 277
f 884 86 1290
f 1074 884 1290
f 277 1290 1091
f 940 1403 581
f 1416 1403 940
f 581 1403 435
f 1182 435 1403
f 1182 1403 1416
f 581 8 940
f 896 940 8
f 8 581 178
f 314 8 178
f 314 896 8
f 762 1416 1027
f 1182 329 435
f 435 329 581
f 495 932 953
f 554 521 773
f 669 521 230
f 161 521 669
f 954 230 521
f 554 954 521
f 342 930 1226
f 342 44 930
f 373 44 828
f 930 44 373
f 200 925 323
f 323 925 355
f 1288 925 1518
f 355 925 654
f 654 925 1288
f 731 1357 18
f 1219 18 1357
f 786 539 34
f 392 786 34
f 418 786 392
f 418 337 132
f 1052 132 337
f 201 711 1436
f 711 403 1436
f 103 1031 923
f 1043 1031 103
f 885 1447 987
f 1447 885 740
f 740 156 532
f 885 156 740
f 1401 990 1449
f 1491 990 1401
f 1491 985 990
f 267 990 985
f 1449 990 267
f 547 1478 16
f 579 1478 547
f 473 16 1478
f 1491 473 1478
f 1491 1478 1104
f 579 1104 1478
f 173 573 325
f 411 325 573
f 866 573 173
f 929 833 445
f 411 833 929
f 445 833 914
f 833 866 914
f 573 833 411
f 833 573 866
f 1130 345 889
f 302 345 1333
f 889 345 302
f 507 1557 1118
f 15 1557 518
f 14 851 518
f 851 15 518
f 351 1227 14
f 1227 851 14
f 851 1227 15
f 1560 1227 351
f 472 1227 1560
f 1560 911 1352
f 1352 911 1055
f 1055 911 1422
f 755 1201 190
f 190 1545 755
f 1545 1276 603
f 1545 23 1276
f 509 1522 978
f 978 1522 1341
f 509 874 1522
f 1123 746 1563
f 961 746 1123
f 961 880 746
f 956 746 880
f 660 742 1123
f 742 660 23
f 1563 660 1123
f 23 660 1563
f 1244 1273 1062
f 1244 848 1273
f 23 1244 1062
f 1545 1244 23
f 1244 354 848
f 783 796 766
f 632 513 1081
f 869 632 1063
f 513 632 869
f 1287 754 1070
f 172 1287 1267
f 1267 1287 1070
f 354 1287 172
f 354 972 1287
f 1249 2 350
f 137 1302 1515
f 734 1302 137
f 1302 90 1515
f 538 850 1302
f 538 1302 734
f 64 1302 850
f 90 1302 64
f 831 1529 695
f 1513 886 1529
f 1511 1529 886
f 55 538 1082
f 55 1082 292
f 1082 1105 918
f 127 1082 918
f 292 1082 127
f 1372 55 1509
f 488 1372 1509
f 55 1372 850
f 488 850 1372
f 1341 1128 978
f 1325 978 1128
f 1325 1128 1154
f 956 1154 1128
f 956 1128 746
f 557 1087 319
f 319 1103 557
f 920 319 1087
f 920 476 319
f 175 319 476
f 175 1078 319
f 1103 319 1078
f 362 1404 750
f 1404 362 957
f 750 202 362
f 957 362 202
f 1204 576 236
f 767 236 576
f 159 125 576
f 1030 576 125
f 767 576 1030
f 1204 217 1002
f 643 1002 217
f 1002 576 1204
f 576 1002 159
f 969 159 1002
f 643 969 1002
f 1198 779 351
f 1198 32 779
f 1560 351 779
f 779 911 1560
f 32 1422 779
f 911 779 1422
f 2 320 350
f 1346 320 237
f 237 320 2
f 1531 224 162
f 1354 1422 224
f 32 224 1422
f 162 224 32
f 1354 809 1055
f 1024 809 1385
f 1055 809 1024
f 874 157 1531
f 509 157 874
f 224 1531 157
f 224 157 1354
f 4 37 967
f 37 686 967
f 315 503 1523
f 503 270 1523
f 503 315 293
f 1552 503 1437
f 270 503 1552
f 960 1166 1527
f 724 294 1166
f 294 724 110
f 503 1019 1437
f 503 293 1019
f 293 1226 1019
f 18 1389 731
f 1456 1079 1497
f 1067 1079 1456
f 1079 1067 396
f 1497 1079 327
f 327 1079 1076
f 1079 396 1076
f 481 1425 929
f 481 396 1425
f 1425 1067 347
f 1067 1425 396
f 1089 730 211
f 730 1533 211
f 1533 730 1040
f 280 1040 730
f 280 1487 74
f 1252 3 1406
f 588 988 3
f 1252 588 3
f 988 588 1252
f 1180 508 149
f 286 1180 1096
f 497 1180 286
f 1096 1180 149
f 1562 586 1494
f 778 763 62
f 763 778 1139
f 716 1136 748
f 650 748 1136
f 134 589 1314
f 1153 589 597
f 1314 589 1153
f 314 1140 831
f 314 178 1140
f 718 1535 1140
f 718 1140 178
f 1513 1140 1535
f 1140 1529 831
f 1529 1140 1513
f 1027 275 86
f 275 1290 86
f 1416 275 1027
f 1290 275 1091
f 940 1091 275
f 1416 940 275
f 1288 856 590
f 654 1288 590
f 355 590 856
f 654 590 355
f 259 563 233
f 233 563 1027
f 762 1027 563
f 1182 1416 1542
f 762 1542 1416
f 804 1542 762
f 667 569 630
f 329 569 581
f 581 569 178
f 667 178 569
f 407 912 259
f 930 818 785
f 930 373 818
f 799 818 373
f 818 799 785
f 786 418 494
f 132 494 418
f 786 494 539
f 132 1219 89
f 539 89 1357
f 1219 1357 89
f 494 89 539
f 132 89 494
f 987 923 760
f 760 885 987
f 825 1473 201
f 711 201 1473
f 885 1473 156
f 993 330 825
f 1389 1277 330
f 1389 330 731
f 1557 98 1118
f 98 1557 15
f 1227 98 15
f 1227 472 98
f 623 1560 1352
f 750 623 202
f 202 623 1024
f 1055 623 1352
f 1055 1024 623
f 950 1279 1563
f 1563 1279 23
f 1276 23 1279
f 1088 1279 950
f 1279 1088 1276
f 1342 1522 874
f 902 1342 874
f 950 1563 194
f 746 194 1563
f 950 194 1033
f 648 624 1081
f 642 1244 1545
f 1244 642 354
f 796 642 766
f 190 642 1545
f 766 642 1201
f 190 1201 642
f 632 1081 744
f 632 744 166
f 744 1247 166
f 1081 1201 744
f 1060 1100 755
f 1100 1163 755
f 641 1100 1060
f 789 1100 641
f 1163 1207 59
f 1100 1207 1163
f 1163 800 755
f 1247 800 1163
f 744 800 1247
f 755 800 1201
f 744 1201 800
f 470 1163 59
f 1163 470 1247
f 1287 558 754
f 1287 972 558
f 2 1249 27
f 2 27 237
f 1529 793 695
f 793 1471 695
f 1511 793 1529
f 510 1105 793
f 1471 793 1105
f 510 793 712
f 712 793 1511
f 695 699 538
f 1471 699 695
f 1082 538 699
f 1471 1105 699
f 1082 699 1105
f 682 1424 350
f 350 1424 1249
f 162 1424 682
f 1249 1424 1009
f 1424 162 1009
f 809 1354 61
f 157 61 1354
f 157 509 61
f 978 61 509
f 61 978 1385
f 809 61 1385
f 129 25 85
f 1457 803 1527
f 960 1510 1166
f 1510 724 1166
f 4 110 1251
f 724 1251 110
f 37 4 1251
f 37 1251 686
f 368 686 1251
f 368 1251 724
f 85 1195 1457
f 85 25 1195
f 1457 1195 803
f 1019 1226 369
f 930 369 1226
f 785 369 930
f 18 1219 21
f 1389 18 21
f 1052 21 132
f 132 21 1219
f 1277 21 1052
f 1389 21 1277
f 1425 186 929
f 929 186 862
f 232 862 186
f 232 186 875
f 1177 875 186
f 1177 186 347
f 186 1425 347
f 237 777 1346
f 47 777 237
f 1346 777 540
f 47 386 168
f 27 1249 386
f 47 237 386
f 27 386 237
f 1525 730 1089
f 730 1525 280
f 1487 280 1525
f 632 965 1063
f 632 166 965
f 965 100 1063
f 1551 333 893
f 333 1551 3
f 1252 496 497
f 497 496 1180
f 496 119 508
f 1180 496 508
f 123 778 62
f 1494 123 1173
f 1173 123 62
f 123 586 381
f 586 123 1494
f 1139 1056 869
f 778 1056 1139
f 869 1056 513
f 1037 1056 778
f 1081 1056 648
f 513 1056 1081
f 1005 1411 716
f 748 1005 716
f 1411 1005 1257
f 103 93 1102
f 471 93 103
f 597 93 471
f 589 93 597
f 134 93 589
f 563 859 762
f 804 859 1538
f 859 804 762
f 804 1038 235
f 925 251 1518
f 925 200 251
f 595 251 200
f 200 773 1520
f 1520 595 200
f 1263 1344 235
f 329 1182 1344
f 1542 1344 1182
f 804 235 1344
f 804 1344 1542
f 521 229 773
f 1520 773 229
f 161 229 521
f 1414 897 56
f 1414 1556 630
f 569 1414 630
f 838 713 511
f 1038 1108 574
f 804 1538 1108
f 1108 1038 804
f 373 837 495
f 44 970 828
f 306 970 44
f 515 828 970
f 1565 342 512
f 418 901 337
f 337 901 505
f 505 901 418
f 505 982 337
f 449 982 1316
f 1316 982 628
f 628 982 505
f 352 1473 825
f 1473 352 156
f 330 352 825
f 760 266 885
f 885 266 1473
f 711 266 403
f 1473 266 711
f 403 266 1043
f 1031 1043 266
f 1031 266 923
f 760 923 266
f 156 317 532
f 1277 532 317
f 330 1277 317
f 352 317 156
f 317 352 330
f 1235 330 993
f 330 1235 731
f 993 792 1235
f 731 1235 792
f 623 750 124
f 1118 124 750
f 98 124 1118
f 98 472 346
f 472 1560 346
f 623 346 1560
f 98 346 124
f 124 346 623
f 999 1158 652
f 1158 999 641
f 320 999 652
f 320 1346 999
f 641 999 789
f 540 789 999
f 540 999 1346
f 1033 723 950
f 723 1088 950
f 1088 723 1158
f 1158 723 652
f 1162 1088 1158
f 641 1060 1162
f 641 1162 1158
f 1060 603 1162
f 1276 1162 603
f 1088 1162 1276
f 1342 196 1522
f 1522 196 1341
f 1342 902 1020
f 902 350 1020
f 320 1020 350
f 652 1020 320
f 746 1573 194
f 1128 1341 1573
f 1128 1573 746
f 194 1573 1033
f 196 1033 1573
f 196 1573 1341
f 470 1016 1247
f 1247 1016 166
f 470 59 1016
f 1016 965 166
f 540 995 789
f 1207 995 59
f 995 1100 789
f 1100 995 1207
f 1527 1166 404
f 85 404 1166
f 1527 404 1457
f 404 85 1457
f 129 1434 1166
f 85 1166 1434
f 85 1434 129
f 943 953 932
f 724 974 368
f 974 1510 960
f 1510 974 724
f 1527 974 960
f 1195 541 803
f 289 1306 486
f 1306 289 1493
f 289 486 1299
f 289 1299 499
f 683 1323 486
f 1299 486 1323
f 1299 1323 1487
f 1487 1323 74
f 74 1323 1268
f 1323 683 1268
f 1268 1575 1407
f 683 1575 1268
f 638 683 486
f 168 638 1306
f 1306 638 486
f 638 1575 683
f 388 743 1332
f 743 869 1063
f 743 388 869
f 1332 743 668
f 100 743 1063
f 668 743 100
f 1559 688 499
f 289 499 688
f 1493 289 688
f 381 805 123
f 123 805 778
f 778 805 1037
f 354 1212 972
f 642 1212 354
f 642 796 1212
f 1037 635 1056
f 624 648 635
f 1056 635 648
f 1005 1165 1257
f 1165 1005 748
f 1257 1165 720
f 650 720 1165
f 748 650 1165
f 1102 1396 389
f 93 1396 1102
f 389 1396 1466
f 1466 1396 134
f 1396 93 134
f 838 511 1481
f 838 1481 912
f 239 67 706
f 1565 304 306
f 1344 5 329
f 5 1344 1263
f 56 1350 1414
f 1350 229 161
f 1350 161 1556
f 1414 1350 1556
f 552 1232 1263
f 1232 5 1263
f 5 1232 329
f 373 828 782
f 373 782 837
f 837 782 331
f 414 782 828
f 331 782 414
f 306 44 659
f 1565 306 659
f 342 659 44
f 1565 659 342
f 628 425 1316
f 251 425 1518
f 425 628 1518
f 505 19 628
f 418 536 19
f 505 418 19
f 628 19 1518
f 1034 19 536
f 1518 19 1288
f 1034 1288 19
f 337 1 1052
f 982 1 337
f 449 1052 1
f 1 982 449
f 449 530 1052
f 1421 1052 530
f 1421 530 449
f 1125 1277 1052
f 1421 1125 1052
f 1277 1125 1523
f 1316 454 449
f 698 454 1316
f 835 617 698
f 196 1342 313
f 652 313 1020
f 1020 313 1342
f 723 313 652
f 313 723 1033
f 196 313 1033
f 995 540 468
f 995 468 59
f 1016 59 468
f 803 821 1527
f 974 1527 821
f 686 424 945
f 368 1521 686
f 974 1521 368
f 1521 424 686
f 1306 550 168
f 1493 550 1306
f 1348 550 1493
f 1525 234 1487
f 1299 1487 234
f 1299 234 499
f 1559 499 234
f 234 1525 1089
f 1559 234 1089
f 1018 1171 752
f 668 1171 1332
f 1155 633 893
f 1171 633 1332
f 1171 1018 633
f 633 1155 388
f 1332 633 388
f 1018 752 371
f 122 837 331
f 1418 122 331
f 608 1481 511
f 706 1426 56
f 229 1426 1520
f 1426 1350 56
f 1350 1426 229
f 552 239 671
f 706 671 239
f 1232 552 671
f 706 56 671
f 897 671 56
f 1232 671 897
f 67 595 1066
f 67 1066 706
f 1520 1066 595
f 1426 1066 1520
f 1066 1426 706
f 1377 67 239
f 1263 928 552
f 970 306 415
f 970 415 515
f 414 475 574
f 828 475 414
f 515 475 828
f 1414 158 897
f 158 1232 897
f 1414 569 158
f 1232 158 329
f 569 329 158
f 251 595 450
f 450 425 251
f 835 450 11
f 454 698 458
f 454 458 449
f 621 698 1316
f 698 621 835
f 425 621 1316
f 450 621 425
f 450 835 621
f 835 24 455
f 921 455 24
f 24 627 304
f 1565 24 304
f 921 24 1565
f 921 839 455
f 1565 512 839
f 1565 839 921
f 455 69 835
f 835 69 617
f 1523 308 1412
f 932 520 943
f 520 541 943
f 541 520 803
f 495 520 932
f 713 520 495
f 821 140 974
f 1521 974 140
f 407 945 248
f 407 248 912
f 248 838 912
f 1322 1348 752
f 1171 1322 752
f 1171 668 1322
f 168 814 47
f 550 814 168
f 777 47 814
f 638 998 1575
f 1009 1407 998
f 1575 998 1407
f 1249 1009 998
f 386 1249 998
f 324 371 752
f 1348 324 752
f 688 324 1493
f 1348 1493 324
f 371 606 1018
f 633 1018 606
f 633 606 893
f 606 1551 893
f 1406 3 606
f 1551 606 3
f 688 1559 567
f 567 324 688
f 324 567 371
f 511 946 608
f 608 946 1418
f 122 1418 946
f 122 946 837
f 713 946 511
f 713 495 946
f 837 946 495
f 608 84 1481
f 859 84 1538
f 84 1108 1538
f 1418 331 561
f 1418 561 608
f 608 561 84
f 84 561 1108
f 627 544 858
f 1377 544 11
f 304 489 306
f 627 489 304
f 415 306 489
f 858 489 627
f 1269 928 858
f 544 1269 858
f 1269 544 1377
f 239 1269 1377
f 552 1269 239
f 928 1269 552
f 515 937 475
f 415 937 515
f 67 240 595
f 450 595 240
f 1377 240 67
f 1377 11 240
f 450 240 11
f 617 1512 698
f 69 1512 617
f 69 455 1512
f 449 702 1421
f 458 702 449
f 702 1125 1421
f 1125 1363 1523
f 971 1523 1363
f 702 1363 1125
f 702 458 1363
f 835 11 1381
f 24 835 1381
f 24 1381 627
f 544 1381 11
f 627 1381 544
f 733 309 512
f 839 512 309
f 733 1412 309
f 308 309 1412
f 971 197 1523
f 1523 197 308
f 309 197 971
f 308 197 309
f 803 442 821
f 520 442 803
f 520 713 442
f 821 442 140
f 1521 1188 424
f 140 1188 1521
f 442 1188 140
f 248 1188 838
f 424 1188 945
f 248 945 1188
f 1501 100 965
f 1016 1501 965
f 468 1501 1016
f 638 168 179
f 179 998 638
f 386 179 168
f 998 179 386
f 567 1559 1004
f 606 1004 1406
f 1004 606 371
f 567 1004 371
f 859 563 490
f 84 859 490
f 563 259 490
f 84 490 1481
f 912 490 259
f 1481 490 912
f 574 1528 414
f 1108 1528 574
f 561 1528 1108
f 937 1296 475
f 475 1296 574
f 928 420 858
f 937 415 420
f 420 489 858
f 489 420 415
f 1038 580 235
f 580 1263 235
f 1263 580 928
f 580 420 928
f 420 580 937
f 971 784 1512
f 1363 784 971
f 1363 458 784
f 458 698 784
f 1512 784 698
f 309 153 839
f 839 153 455
f 1512 455 153
f 1512 153 971
f 153 309 971
f 442 713 732
f 732 1188 442
f 838 732 713
f 1188 732 838
f 51 1501 468
f 550 1014 814
f 1348 1014 550
f 1322 1014 1348
f 1004 1559 863
f 119 863 868
f 1089 868 863
f 1559 1089 863
f 1004 88 1406
f 1406 88 1252
f 496 1252 88
f 496 88 119
f 863 119 88
f 863 88 1004
f 561 331 1106
f 1106 1528 561
f 331 414 1106
f 1528 1106 414
f 1296 790 574
f 1296 937 790
f 580 790 937
f 1038 574 790
f 790 580 1038
f 51 1035 777
f 51 468 1035
f 777 1035 540
f 468 540 1035
f 1014 722 814
f 814 722 777
f 51 777 722
f 51 722 1501
f 1014 1322 1080
f 1501 1080 100
f 722 1080 1501
f 1080 722 1014
f 668 100 1080
f 1322 668 1080
f 66 1523 1166
f 410 1523 66
f 410 66 1454
f 36 1454 66
f 1454 36 1562
f 146 1562 36
f 523 1333 1557
f 175 1557 1078
f 9 1557 708
f 1130 1474 1557
f 523 1557 1077
f 1557 1204 236
f 297 264 1557
f 1537 708 1557
f 1564 1557 1255
f 1474 1506 1557
f 703 1237 1557
f 478 1557 861
f 9 1077 1557
f 1564 564 1557
f 416 1410 1557
f 1204 1557 217
f 1078 1557 236
f 264 1131 1557
f 1537 1557 564
f 1410 653 1557
f 228 1557 1248
f 345 1130 1557
f 175 703 1557
f 297 1557 653
f 651 861 1557
f 891 1557 1131
f 1280 1557 891
f 507 217 1557
f 478 518 1557
f 651 1557 1506
f 416 1557 1237
f 228 1255 1557
f 1280 1248 1557
f 345 1557 1333
f 1523 129 1166
f 1552 129 1523
f 25 129 1437
f 1552 1437 129
f 586 1562 146
f 754 586 146
f 495 799 373
f 953 799 495
f 1081 624 1201
f 624 783 1201
f 558 586 754
f 586 558 381
f 25 1437 1195
f 1019 1195 1437
f 943 799 953
f 799 943 785
f 541 1195 1019
f 369 541 1019
f 943 541 785
f 785 541 369
f 558 805 381
f 805 558 972
f 972 1212 805
f 805 1212 1037
f 1212 635 1037
f 635 1212 796
f 624 635 783
f 635 796 783
f 602 180 1254
f 1304 246 845
f 446 364 977
f 1032 977 364
f 1364 994 663
f 1181 1360 1364
f 274 1360 1181
f 199 1375 52
f 770 917 761
f 504 479 905
f 402 479 504
f 1228 479 402
f 1254 1285 602
f 834 1285 1254
f 905 20 504
f 663 1339 1469
f 994 1339 663
f 274 1181 836
f 1210 836 1181
f 274 836 845
f 1304 845 836
f 246 1161 892
f 246 1304 1161
f 1161 180 892
f 180 1161 1254
f 836 1161 1304
f 1210 1161 836
f 106 463 986
f 199 52 1239
f 133 1239 52
f 133 113 1239
f 199 1239 1112
f 1112 1239 113
f 1167 759 600
f 402 759 1167
f 463 759 402
f 402 553 1228
f 444 284 318
f 770 284 444
f 761 284 770
f 102 284 917
f 917 284 761
f 1375 199 1553
f 1375 1553 770
f 1553 917 770
f 1032 364 120
f 578 206 1085
f 944 206 578
f 20 1164 504
f 977 1032 374
f 70 221 112
f 70 253 213
f 221 1318 112
f 944 578 1172
f 1172 700 944
f 1172 1176 700
f 1364 663 141
f 141 1181 1364
f 141 1210 1181
f 106 600 282
f 106 282 463
f 759 282 600
f 282 759 463
f 106 810 112
f 986 810 106
f 70 112 810
f 70 810 986
f 1112 113 926
f 113 1340 1015
f 133 1340 113
f 553 95 1167
f 1167 95 402
f 95 553 402
f 907 318 257
f 284 257 318
f 284 102 257
f 1085 808 120
f 206 808 1085
f 120 808 1032
f 625 707 1164
f 374 1458 977
f 977 1458 446
f 707 1458 374
f 1458 707 625
f 1329 1458 625
f 500 1176 1495
f 253 500 1495
f 253 70 500
f 1318 221 82
f 213 82 70
f 221 70 82
f 1172 644 1176
f 926 1008 1112
f 834 1254 1008
f 834 1008 926
f 926 303 834
f 113 1015 303
f 926 113 303
f 1458 83 446
f 83 1458 1329
f 907 464 1178
f 257 464 907
f 1524 1178 464
f 257 102 1430
f 464 1430 1241
f 464 257 1430
f 707 374 269
f 1164 269 504
f 707 269 1164
f 986 493 70
f 500 70 493
f 700 1176 493
f 500 493 1176
f 1176 1233 1495
f 644 1233 1176
f 1172 578 775
f 644 1172 775
f 1085 775 578
f 464 781 1524
f 1524 781 1469
f 1469 781 663
f 1241 781 464
f 141 781 1241
f 141 663 781
f 274 1167 600
f 845 1167 274
f 602 479 180
f 602 905 479
f 180 479 892
f 479 1228 892
f 602 20 905
f 1285 20 602
f 1360 106 1364
f 1364 106 112
f 274 600 106
f 106 1360 274
f 133 52 364
f 446 133 364
f 1228 553 892
f 892 553 246
f 1167 845 553
f 246 553 845
f 52 120 364
f 1375 120 52
f 120 1375 770
f 1085 120 770
f 1285 1164 20
f 1164 1285 834
f 1364 112 1318
f 1364 1318 994
f 1524 253 1495
f 1495 1178 1524
f 213 1524 1469
f 253 1524 213
f 213 1469 82
f 1339 82 1469
f 1318 82 994
f 994 82 1339
f 1329 625 303
f 1329 303 1015
f 834 303 1164
f 1164 303 625
f 133 446 83
f 1340 133 83
f 1015 83 1329
f 1340 83 1015
f 1112 1430 199
f 1430 1161 1210
f 1553 1430 917
f 917 1430 102
f 1008 1430 1112
f 1161 1430 1254
f 141 1241 1430
f 1553 199 1430
f 141 1430 1210
f 1008 1254 1430
f 463 493 986
f 206 944 493
f 504 493 402
f 493 463 402
f 808 206 493
f 700 493 944
f 374 1032 493
f 269 374 493
f 808 493 1032
f 269 493 504
f 1495 1233 1178
f 1233 907 1178
f 907 1233 318
f 318 1233 644
f 770 775 1085
f 775 770 444
f 644 775 318
f 318 775 444
f 919 33 247
f 183 1286 1110
f 1286 1075 10
f 1075 1286 183
f 183 1110 1550
f 1159 1566 1420
f 1415 670 1566
f 670 1415 501
f 549 855 1134
f 441 1134 855
f 1134 367 549
f 1550 1110 876
f 1550 876 1368
f 305 1368 876
f 1397 527 1492
f 1397 305 527
f 461 1223 899
f 1075 1223 10
f 10 1223 1343
f 1415 829 501
f 387 1054 1463
f 1146 1408 501
f 1408 1303 501
f 367 903 150
f 367 1134 903
f 305 1540 1368
f 1368 1540 1397
f 1397 1540 305
f 288 461 899
f 1343 1320 461
f 1320 1223 461
f 1223 1320 1343
f 598 441 855
f 860 1159 1420
f 1382 690 408
f 919 408 690
f 599 408 919
f 1514 271 356
f 271 443 356
f 356 443 878
f 878 443 915
f 1397 844 1368
f 1397 1492 844
f 844 710 1368
f 1368 865 1550
f 710 865 1368
f 865 1075 183
f 1550 865 183
f 1415 155 829
f 829 155 844
f 1054 171 1283
f 898 220 1053
f 1053 220 829
f 1146 501 220
f 829 220 501
f 45 568 1463
f 33 45 1463
f 919 690 45
f 919 45 33
f 1303 771 501
f 501 771 670
f 1566 771 1420
f 670 771 1566
f 1463 685 387
f 568 685 1463
f 903 749 150
f 382 1209 915
f 288 1209 382
f 899 1209 288
f 878 1209 899
f 915 1209 878
f 855 622 598
f 637 622 459
f 1274 1134 441
f 598 1274 441
f 1343 461 1200
f 288 382 1200
f 288 1200 461
f 204 1514 356
f 1159 1327 1566
f 204 1566 1327
f 204 1327 1514
f 583 443 271
f 915 583 382
f 443 583 915
f 844 1492 1548
f 898 1548 527
f 527 1548 1492
f 829 679 1053
f 844 679 829
f 1548 679 844
f 1053 679 898
f 898 679 1548
f 844 176 710
f 155 176 844
f 1358 198 171
f 685 568 87
f 1054 212 1463
f 1283 212 1054
f 598 1490 637
f 1490 622 637
f 622 1490 598
f 598 637 276
f 1274 276 939
f 1274 598 276
f 939 276 924
f 924 276 262
f 1111 612 1432
f 769 1308 1111
f 612 1111 1308
f 612 1308 262
f 393 1308 247
f 924 1308 393
f 262 1308 924
f 1283 171 888
f 198 888 171
f 212 1283 888
f 54 1358 1156
f 771 592 906
f 771 1303 592
f 906 592 728
f 87 244 1289
f 244 87 568
f 1289 244 1303
f 1303 244 568
f 87 1289 268
f 1303 268 1289
f 1408 268 1303
f 1090 1240 1432
f 612 1090 1432
f 262 1090 612
f 769 1147 1308
f 1147 769 599
f 1147 599 919
f 247 1147 919
f 1308 1147 247
f 198 226 888
f 888 226 212
f 54 749 226
f 198 1358 128
f 54 128 1358
f 128 226 198
f 226 128 54
f 54 1156 193
f 54 193 749
f 150 193 1156
f 749 193 150
f 568 46 1303
f 46 802 1303
f 72 802 568
f 568 802 46
f 592 962 728
f 962 72 568
f 728 962 45
f 45 962 568
f 1240 437 459
f 459 437 637
f 276 637 437
f 962 592 1048
f 592 1303 1048
f 802 1048 1303
f 1048 802 72
f 962 1048 72
f 1090 1351 1240
f 437 1240 1351
f 437 1351 276
f 276 1351 262
f 1090 262 1351
f 549 1286 855
f 855 1286 10
f 1286 549 367
f 1286 367 1110
f 1156 305 876
f 1156 876 150
f 367 876 1110
f 876 367 150
f 1358 171 898
f 527 1358 898
f 527 305 1358
f 1156 1358 305
f 860 1420 690
f 1382 860 690
f 860 1382 408
f 860 408 1159
f 171 220 898
f 1054 220 171
f 1146 220 387
f 387 220 1054
f 1420 771 690
f 771 45 690
f 1146 387 685
f 1408 1146 685
f 10 622 855
f 1343 622 10
f 622 1343 1200
f 622 1200 459
f 1200 1240 459
f 1200 382 1240
f 408 1327 1159
f 1327 408 599
f 769 1327 599
f 1327 769 1514
f 1111 271 769
f 1514 769 271
f 1240 382 583
f 1240 583 1432
f 1111 583 271
f 1111 1432 583
f 204 356 176
f 1223 1075 176
f 865 710 176
f 1566 176 1415
f 1223 176 899
f 878 176 356
f 878 899 176
f 865 176 1075
f 155 1415 176
f 204 176 1566
f 771 728 45
f 906 728 771
f 685 268 1408
f 87 268 685
f 226 33 1463
f 33 226 247
f 393 226 924
f 749 903 226
f 393 247 226
f 939 924 226
f 903 1134 226
f 1274 939 226
f 1274 226 1134
f 212 226 1463
f 1220 1148 1099
f 1148 1220 285
f 1157 572 1298
f 909 73 1373
f 1374 73 81
f 1099 934 1220
f 537 548 480
f 548 1122 1142
f 548 537 1122
f 820 587 1298
f 587 820 451
f 1220 1203 285
f 285 1203 1151
f 1051 287 1057
f 48 452 819
f 451 528 587
f 452 528 451
f 48 528 452
f 533 1355 819
f 1355 48 819
f 934 613 1221
f 934 1099 613
f 1151 1476 285
f 285 1476 469
f 73 908 81
f 73 909 908
f 909 1373 1394
f 729 1157 1298
f 909 729 1298
f 1121 729 909
f 287 1115 1439
f 287 1051 1115
f 115 438 1115
f 1115 438 1439
f 1374 81 709
f 1423 438 115
f 1152 1202 1101
f 709 1393 1374
f 854 1393 709
f 1321 1152 1101
f 572 959 1298
f 959 820 1298
f 287 1477 1057
f 1477 1321 1057
f 1321 1477 1152
f 613 339 1221
f 1202 1221 339
f 1202 339 1101
f 42 1484 439
f 1484 867 439
f 285 867 1484
f 469 867 285
f 1453 1121 909
f 1394 1453 909
f 1452 1393 854
f 1142 1452 854
f 1122 1452 1142
f 571 139 484
f 484 139 480
f 139 537 480
f 533 819 958
f 768 571 484
f 768 958 571
f 958 768 533
f 1484 192 555
f 42 192 1484
f 191 649 556
f 1483 556 649
f 191 1256 649
f 1423 43 438
f 1256 43 1423
f 1256 191 43
f 285 1298 587
f 1148 285 587
f 1057 484 1051
f 1051 484 480
f 587 528 1148
f 1148 528 1099
f 528 613 1099
f 613 528 48
f 908 1483 649
f 81 908 649
f 285 1484 1298
f 909 1298 1484
f 908 1484 1483
f 908 909 1484
f 480 1115 1051
f 548 1115 480
f 115 1115 1142
f 1115 548 1142
f 1142 1423 115
f 854 1423 1142
f 1355 533 339
f 533 1101 339
f 339 613 48
f 1355 339 48
f 1453 1394 958
f 959 958 820
f 1452 958 1393
f 572 1157 958
f 73 1374 958
f 1122 537 958
f 452 958 819
f 73 958 1373
f 729 1121 958
f 820 958 451
f 958 452 451
f 1394 1373 958
f 729 958 1157
f 1393 958 1374
f 139 571 958
f 959 572 958
f 1453 958 1121
f 1452 1122 958
f 139 958 537
f 533 768 1101
f 1101 768 1321
f 484 1057 768
f 1321 768 1057
f 1484 556 1483
f 556 1484 555
f 649 1256 81
f 1256 709 81
f 1256 1423 854
f 709 1256 854
f 1476 43 469
f 1202 1152 43
f 1221 43 934
f 439 43 42
f 1203 43 1151
f 934 43 1220
f 438 43 1439
f 43 1203 1220
f 287 1439 43
f 1477 287 43
f 1151 43 1476
f 867 43 439
f 1202 43 1221
f 1477 43 1152
f 556 43 191
f 43 867 469
f 43 192 42
f 192 43 555
f 43 556 555
f 697 696 1186
f 118 697 1186
f 1186 696 1185
f 1185 118 1186
f 697 1215 696
f 1216 697 118
f 1216 1215 697
f 696 1215 1185
f 117 118 1185
f 1185 1215 117
f 117 1216 118
f 1215 1216 117
f 942 1572 506
f 942 1013 1572
f 506 1013 942
f 1338 827 615
f 482 827 1132
f 50 482 806
f 50 827 482
f 50 806 615
f 827 50 615
f 640 827 1338
f 181 506 1572
f 344 483 109
f 601 344 109
f 1417 109 322
f 1417 615 109
f 1417 1026 615
f 245 1338 615
f 615 1026 245
f 245 640 1338
f 109 249 322
f 249 109 483
f 385 322 249
f 245 842 640
f 842 1026 182
f 842 245 1026
f 1036 249 483
f 1036 385 249
f 322 385 1003
f 1376 316 30
f 1301 483 344
f 1301 1036 483
f 385 1036 1301
f 1301 1003 385
f 1262 182 1026
f 1026 1417 1262
f 322 1003 1330
f 1330 1417 322
f 1330 1262 1417
f 806 482 1572
f 1013 806 1572
f 181 1132 827
f 181 827 506
f 181 1572 482
f 482 1132 181
f 143 348 1379
f 348 17 1379
f 316 109 312
f 516 316 312
f 517 737 516
f 517 516 312
f 57 806 1013
f 57 1440 806
f 143 1440 57
f 57 348 143
f 506 827 310
f 640 310 827
f 842 514 310
f 842 310 640
f 514 842 1442
f 1442 842 182
f 344 601 1376
f 1376 30 344
f 109 316 1376
f 1376 601 109
f 964 312 109
f 615 806 964
f 964 109 615
f 964 1440 143
f 517 964 300
f 1480 964 1379
f 964 143 1379
f 964 806 1440
f 964 517 312
f 502 517 300
f 737 517 502
f 502 300 964
f 502 964 1192
f 516 737 99
f 99 1013 506
f 692 976 99
f 99 310 514
f 99 1017 692
f 99 316 516
f 17 348 99
f 348 57 99
f 514 1442 99
f 30 316 99
f 99 502 1192
f 99 57 1013
f 506 310 99
f 99 1442 933
f 99 976 30
f 933 1017 99
f 737 502 99
f 99 1480 1379
f 99 1379 17
f 99 964 1480
f 1192 964 99
f 1301 30 976
f 1301 344 30
f 1301 976 692
f 1301 692 1003
f 1262 933 1442
f 1262 1442 182
f 1330 692 1017
f 1330 1003 692
f 1330 1017 933
f 1262 1330 933
f 979 1402 328
f 278 1335 735
f 1135 1218 604
f 546 604 1218
f 218 584 916
f 395 222 218
f 1307 222 395
f 1386 208 1536
f 812 662 822
f 1069 1098 676
f 1175 1098 1069
f 353 1098 1175
f 328 298 979
f 747 298 328
f 676 1568 1069
f 916 242 111
f 584 242 916
f 1307 395 745
f 370 745 395
f 1307 745 735
f 278 735 745
f 1335 417 687
f 1335 278 417
f 417 1402 687
f 1402 417 328
f 745 417 278
f 370 417 745
f 1475 1114 596
f 1386 1536 343
f 1450 343 1536
f 1450 1467 343
f 1386 343 465
f 465 343 1467
f 409 824 981
f 1175 824 409
f 1114 824 1175
f 1175 1025 353
f 1137 1297 1264
f 812 1297 1137
f 822 1297 812
f 1479 1297 662
f 662 1297 822
f 208 1386 35
f 208 35 812
f 35 662 812
f 546 1218 1459
f 1001 1378 491
f 634 1378 1001
f 1568 413 1069
f 604 546 1206
f 1519 1361 1468
f 1519 1328 1369
f 1361 263 1468
f 634 1001 406
f 406 879 634
f 406 400 879
f 218 916 1443
f 1443 395 218
f 1443 370 395
f 1475 981 1300
f 1475 1300 1114
f 824 1300 981
f 1300 824 1114
f 1475 772 1468
f 596 772 1475
f 1519 1468 772
f 1519 772 596
f 465 1467 655
f 1467 241 562
f 1450 241 1467
f 1025 1488 409
f 409 1488 1175
f 1488 1025 1175
f 674 1264 1324
f 1297 1324 1264
f 1297 1479 1324
f 491 774 1459
f 1378 774 491
f 1459 774 546
f 952 873 413
f 1206 121 604
f 604 121 1135
f 873 121 1206
f 121 873 952
f 252 121 952
f 1073 400 91
f 1328 1073 91
f 1328 1519 1073
f 263 1361 1503
f 1369 1503 1519
f 1361 1519 1503
f 406 936 400
f 655 570 465
f 747 328 570
f 747 570 655
f 655 1282 747
f 1467 562 1282
f 655 1467 1282
f 121 1502 1135
f 1502 121 252
f 674 1113 398
f 1324 1113 674
f 65 398 1113
f 1324 1479 154
f 1113 154 340
f 1113 1324 154
f 873 1206 1312
f 413 1312 1069
f 873 1312 413
f 596 1083 1519
f 1073 1519 1083
f 879 400 1083
f 1073 1083 400
f 400 349 91
f 936 349 400
f 406 1001 807
f 936 406 807
f 491 807 1001
f 1113 801 65
f 65 801 111
f 111 801 916
f 340 801 1113
f 1443 801 340
f 1443 916 801
f 1307 409 981
f 735 409 1307
f 979 1098 1402
f 979 676 1098
f 1402 1098 687
f 1098 353 687
f 979 1568 676
f 298 1568 979
f 222 1475 218
f 218 1475 1468
f 1307 981 1475
f 1475 222 1307
f 1450 1536 1218
f 1135 1450 1218
f 353 1025 687
f 687 1025 1335
f 409 735 1025
f 1335 1025 735
f 1536 1459 1218
f 208 1459 1536
f 1459 208 812
f 491 1459 812
f 298 413 1568
f 413 298 747
f 218 1468 263
f 218 263 584
f 65 1328 91
f 91 398 65
f 1369 65 111
f 1328 65 1369
f 1369 111 1503
f 242 1503 111
f 263 1503 584
f 584 1503 242
f 252 952 1282
f 252 1282 562
f 747 1282 413
f 413 1282 952
f 1450 1135 1502
f 241 1450 1502
f 562 1502 252
f 241 1502 562
f 465 154 1386
f 154 417 370
f 35 154 662
f 662 154 1479
f 570 154 465
f 417 154 328
f 1443 340 154
f 35 1386 154
f 1443 154 370
f 570 328 154
f 1114 1083 596
f 1378 634 1083
f 1069 1083 1175
f 1083 1114 1175
f 774 1378 1083
f 879 1083 634
f 1206 546 1083
f 1312 1206 1083
f 774 1083 546
f 1312 1083 1069
f 91 349 398
f 349 674 398
f 674 349 1264
f 1264 349 936
f 812 807 491
f 807 812 1137
f 936 807 1264
f 1264 807 1137
f 661 1555 1334
f 1398 296 467
f 296 498 1574
f 498 296 1398
f 1398 467 38
f 419 22 164
f 169 910 22
f 910 169 1072
f 1028 726 447
f 1141 447 726
f 447 1214 1028
f 38 467 704
f 38 704 214
f 1278 214 704
f 184 1050 92
f 184 1278 1050
f 1117 357 680
f 498 357 1574
f 1574 357 238
f 169 753 1072
f 1189 522 116
f 434 177 1072
f 177 279 1072
f 1214 677 1433
f 1214 447 677
f 1278 49 214
f 214 49 184
f 184 49 1278
f 1292 1117 680
f 238 261 1117
f 261 357 1117
f 357 261 238
f 984 1141 726
f 721 419 164
f 203 890 1170
f 661 1170 890
f 983 1170 661
f 75 1309 1224
f 1309 1138 1224
f 1224 1138 701
f 701 1138 664
f 184 736 214
f 184 92 736
f 736 871 214
f 214 717 38
f 871 717 214
f 717 498 1398
f 38 717 1398
f 169 1429 753
f 753 1429 736
f 522 1413 301
f 681 1362 524
f 524 1362 753
f 434 1072 1362
f 753 1362 1072
f 1544 1010 116
f 1555 1544 116
f 661 890 1544
f 661 1544 1555
f 279 811 1072
f 1072 811 910
f 22 811 164
f 910 811 22
f 116 894 1189
f 1010 894 116
f 677 832 1433
f 1193 372 664
f 1292 372 1193
f 680 372 1292
f 701 372 680
f 664 372 701
f 726 955 984
f 941 955 1119
f 307 447 1141
f 984 307 1141
f 238 1117 377
f 1292 1193 377
f 1292 377 1117
f 1380 75 1224
f 419 255 22
f 1380 22 255
f 1380 255 75
f 996 1138 1309
f 664 996 1193
f 1138 996 664
f 736 92 41
f 681 41 1050
f 1050 41 92
f 753 900 524
f 736 900 753
f 41 900 736
f 524 900 681
f 681 900 41
f 736 1409 871
f 1429 1409 736
f 223 1387 1413
f 894 1010 1498
f 522 1370 116
f 301 1370 522
f 984 94 941
f 94 955 941
f 955 94 984
f 984 941 1305
f 307 1305 639
f 307 984 1305
f 639 1305 657
f 657 1305 1319
f 466 968 152
f 813 272 466
f 968 466 272
f 968 272 1319
f 1183 272 1334
f 657 272 1183
f 1319 272 657
f 301 1413 691
f 1387 691 1413
f 1370 301 691
f 1534 223 423
f 811 989 675
f 811 279 989
f 675 989 853
f 1498 1337 290
f 1337 1498 1010
f 290 1337 279
f 279 1337 1010
f 1498 290 1313
f 279 1313 290
f 177 1313 279
f 487 341 152
f 968 487 152
f 1319 487 968
f 813 433 272
f 433 813 983
f 433 983 661
f 1334 433 661
f 272 433 1334
f 1387 1356 691
f 691 1356 1370
f 1534 832 1356
f 1387 223 1455
f 1534 1455 223
f 1455 1356 1387
f 1356 1455 1534
f 1534 423 1390
f 1534 1390 832
f 1433 1390 423
f 832 1390 1433
f 1010 1543 279
f 1543 780 279
f 1517 780 1010
f 1010 780 1543
f 989 616 853
f 616 1517 1010
f 853 616 1544
f 1544 616 1010
f 341 1145 1119
f 1119 1145 941
f 1305 941 1145
f 616 989 529
f 989 279 529
f 780 529 279
f 529 780 1517
f 616 529 1517
f 487 231 341
f 1145 341 231
f 1145 231 1305
f 1305 231 1319
f 487 1319 231
f 1028 296 726
f 726 296 1574
f 296 1028 1214
f 296 1214 467
f 423 1278 704
f 423 704 1433
f 1214 704 467
f 704 1214 1433
f 223 1413 681
f 1050 223 681
f 1050 1278 223
f 423 223 1278
f 721 164 890
f 203 721 890
f 721 203 1170
f 721 1170 419
f 1413 1362 681
f 522 1362 1413
f 434 1362 1189
f 1189 1362 522
f 164 811 890
f 811 1544 890
f 434 1189 894
f 177 434 894
f 1574 955 726
f 238 955 1574
f 955 238 377
f 955 377 1119
f 377 341 1119
f 377 1193 341
f 1170 255 419
f 255 1170 983
f 813 255 983
f 255 813 75
f 466 1309 813
f 75 813 1309
f 341 1193 996
f 341 996 152
f 466 996 1309
f 466 152 996
f 1380 1224 1409
f 357 498 1409
f 717 871 1409
f 22 1409 169
f 357 1409 680
f 701 1409 1224
f 701 680 1409
f 717 1409 498
f 1429 169 1409
f 1380 1409 22
f 811 853 1544
f 675 853 811
f 894 1313 177
f 1498 1313 894
f 1356 1555 116
f 1555 1356 1334
f 1183 1356 657
f 832 677 1356
f 1183 1334 1356
f 639 657 1356
f 677 447 1356
f 307 639 1356
f 307 1356 447
f 1370 1356 116
f 359 432 477
f 432 359 1295
f 421 1007 283
f 673 1516 209
f 210 1516 1504
f 477 646 359
f 1041 1029 1097
f 1029 457 440
f 1029 1041 457
f 765 991 283
f 991 765 1126
f 359 376 1295
f 1295 376 427
f 526 1293 519
f 1541 1127 764
f 1126 1049 991
f 1127 1049 1126
f 1541 1049 1127
f 1045 227 764
f 227 1541 764
f 646 966 360
f 646 477 966
f 427 104 1295
f 1295 104 1107
f 1516 672 1504
f 1516 673 672
f 673 209 189
f 852 421 283
f 673 852 283
f 456 852 673
f 1293 462 145
f 1293 526 462
f 1464 1143 462
f 462 1143 145
f 210 1504 872
f 160 1143 1464
f 428 375 474
f 872 188 210
f 727 188 872
f 260 428 474
f 1007 620 283
f 620 765 283
f 1293 105 519
f 105 260 519
f 260 105 428
f 966 1242 360
f 375 360 1242
f 375 1242 474
f 1546 97 1144
f 97 715 1144
f 1295 715 97
f 1107 715 1295
f 131 456 673
f 189 131 673
f 130 188 727
f 440 130 727
f 457 130 440
f 1006 1445 1093
f 1093 1445 1097
f 1445 1041 1097
f 1045 764 619
f 815 1006 1093
f 815 619 1006
f 619 815 1045
f 97 1392 1021
f 1546 1392 97
f 1391 931 1022
f 96 1022 931
f 1391 326 931
f 160 1547 1143
f 326 1547 160
f 326 1391 1547
f 1295 283 991
f 432 1295 991
f 519 1093 526
f 526 1093 1097
f 991 1049 432
f 432 1049 477
f 1049 966 477
f 966 1049 1541
f 672 96 931
f 1504 672 931
f 1295 97 283
f 673 283 97
f 672 97 96
f 672 673 97
f 1097 462 526
f 1029 462 1097
f 1464 462 440
f 462 1029 440
f 440 160 1464
f 727 160 440
f 227 1045 1242
f 1045 474 1242
f 1242 966 1541
f 227 1242 1541
f 131 189 619
f 620 619 765
f 130 619 188
f 1007 421 619
f 1516 210 619
f 457 1041 619
f 1127 619 764
f 1516 619 209
f 852 456 619
f 765 619 1126
f 619 1127 1126
f 189 209 619
f 852 619 421
f 188 619 210
f 1445 1006 619
f 620 1007 619
f 131 619 456
f 130 457 619
f 1445 619 1041
f 1045 815 474
f 474 815 260
f 1093 519 815
f 260 815 519
f 97 1022 96
f 1022 97 1021
f 931 326 1504
f 326 872 1504
f 326 160 727
f 872 326 727
f 104 1547 1107
f 375 428 1547
f 360 1547 646
f 1144 1547 1546
f 376 1547 427
f 646 1547 359
f 1143 1547 145
f 1547 376 359
f 1293 145 1547
f 105 1293 1547
f 427 1547 104
f 715 1547 1144
f 375 1547 360
f 105 1547 428
f 1022 1547 1391
f 1547 715 1107
f 1547 1392 1546
f 1392 1547 1021
f 1547 1022 1021
f 882 881 391
f 1461 882 391
f 391 881 390
f 390 1461 391
f 882 365 881
f 366 882 1461
f 366 365 882
f 881 365 390
f 1460 1461 390
f 390 365 1460
f 1460 366 1461
f 365 366 1460
f 636 13 1068
f 636 565 13
f 1068 565 636
f 243 756 963
f 1095 756 448
f 1539 1095 776
f 1539 756 1095
f 1539 776 963
f 756 1539 963
f 938 756 243
f 1400 1068 13
f 1238 1094 1472
f 980 1238 1472
f 167 1472 1260
f 167 963 1472
f 167 551 963
f 1336 243 963
f 963 551 1336
f 1336 938 243
f 1472 1331 1260
f 1331 1472 1094
f 1191 1260 1331
f 1336 739 938
f 739 551 1399
f 739 1336 551
f 542 1331 1094
f 542 1191 1331
f 1260 1191 577
f 207 1266 1558
f 281 1094 1238
f 281 542 1094
f 1191 542 281
f 281 577 1191
f 321 1399 551
f 551 167 321
f 1260 577 250
f 250 167 1260
f 250 321 167
f 776 1095 13
f 565 776 13
f 1400 448 756
f 1400 756 1068
f 1400 13 1095
f 1095 448 1400
f 1441 1234 205
f 1234 1571 205
f 1266 1472 1270
f 1059 1266 1270
f 1058 843 1059
f 1058 1059 1270
f 1530 776 565
f 1530 144 776
f 1441 144 1530
f 1530 1234 1441
f 1068 756 1272
f 938 1272 756
f 739 1061 1272
f 739 1272 938
f 1061 739 142
f 142 739 1399
f 1238 980 207
f 207 1558 1238
f 1472 1266 207
f 207 980 1472
f 614 1270 1472
f 963 776 614
f 614 1472 963
f 614 144 1441
f 1058 614 1284
f 101 614 205
f 614 1441 205
f 614 776 144
f 614 1058 1270
f 1071 1058 1284
f 843 1058 1071
f 1071 1284 614
f 1071 614 383
f 1059 843 1482
f 1482 565 1068
f 887 605 1482
f 1482 1272 1061
f 1482 560 887
f 1482 1266 1059
f 1571 1234 1482
f 1234 1530 1482
f 1061 142 1482
f 1558 1266 1482
f 1482 1071 383
f 1482 1530 565
f 1068 1272 1482
f 1482 142 647
f 1482 605 1558
f 647 560 1482
f 843 1071 1482
f 1482 101 205
f 1482 205 1571
f 1482 614 101
f 383 614 1482
f 281 1558 605
f 281 1238 1558
f 281 605 887
f 281 887 577
f 321 647 142
f 321 142 1399
f 250 887 560
f 250 577 887
f 250 560 647
f 321 250 647